Date,AAPL,MSFT,INTC,YHOO,AMZN,TGT,WBA,M,KSS,BBY,PLKI,PRLB
2/10/2017,0.65,-0.06,-0.12,-0.05,6.1,-0.68,0.93,-0.38,-0.06,-0.05,0.78,1.4
2/9/2017,0.28,0.72,-0.92,0.01,1.65,1.64,0.85,0.39,1.26,0.86,1.04,6.4
2/8/2017,-0.68,-0.09,0.03,0.7,7.21,1.2,0.1,0.78,1.69,0.34,0.45,0.4
2/7/2017,-0.73,-0.21,0.08,-0.05,4.86,0.15,0.63,-0.59,-0.07,-0.43,0.54,-0.5
2/6/2017,0.42,-0.04,-0.25,0.71,-2.56,-0.33,0.33,-0.9,-0.95,-0.77,-1.19,-0.85
2/3/2017,0.04,0.51,-0.16,0.02,-29.75,0.07,-0.12,1.97,0.37,0.42,1.09,1.3
2/2/2017,1.67,-0.41,0.16,-0.09,7.6,0.01,-0.45,1.51,0.32,-0.19,-0.02,-0.4
2/1/2017,-0.16,-1.07,-0.3,-0.29,8.87,-0.81,-0.9,-0.33,-0.35,-0.02,0.16,-0.85
1/31/2017,0.94,-0.48,-0.6,0.14,-6.9,0.36,0.46,0.02,0.12,0.3,0.18,0.5
1/30/2017,-1.65,-0.65,-0.56,-0.49,-5.39,0.42,-0.02,0.41,0.71,0.75,-0.65,-0.2
1/27/2017,-0.08,1.51,0.42,-0.13,-3.38,-0.47,0.23,-0.81,-1.25,-1.76,0.51,-0.05
1/26/2017,-0.67,0.59,-0.24,-0.39,2.63,-0.83,-0.76,-0.23,0.02,0.56,0.17,-1.5
1/25/2017,0.67,0.16,0.18,1.04,14.08,0.59,0.8,0.17,-0.03,0.5,0.81,0.65
1/24/2017,0.9,0.56,0.85,1.5,4.56,0.56,-0.32,0.35,0.15,0.63,-0.3,1.6
1/23/2017,0.31,0.22,-0.17,0.35,9.55,-0.25,-0.17,-0.07,-0.42,0.18,0.04,-1.55
1/20/2017,0.26,0.44,0.37,-0.04,-0.71,-1.29,-1.77,0.25,0.3,-0.27,0.1,1.35
1/19/2017,-0.15,-0.2,-0.19,0.06,1.56,-1.46,-0.63,0.01,-0.98,-1.14,-0.49,-0.8
1/18/2017,-0.18,-0.03,-0.04,0.04,-2.24,-4.09,-0.1,-0.46,-0.17,-0.11,1.32,0
1/17/2017,-0.58,-0.17,0.01,-0.28,-7.42,0.75,0.4,0.02,0.59,1.05,-0.37,-1.05
1/13/2017,0.15,0.09,0.08,0.16,3.5,-1.06,-0.1,-0.1,-0.52,-0.4,-0.15,0.2
1/12/2017,0.11,-0.58,-0.24,-0.48,14.62,-0.36,-0.51,0.03,0.43,0.81,-0.41,0.55
1/11/2017,0.33,0.57,0.41,0.29,3.12,0.18,1.76,-0.35,-0.33,-0.44,3.13,0.75
1/10/2017,-0.16,-0.02,-0.07,0.96,-1.02,0,0.12,-0.16,0.25,0.52,0.24,0.75
1/9/2017,-0.95,-0.2,0.13,0.11,0.93,-0.01,-0.55,-0.36,-0.47,0.57,-0.39,-0.6
1/6/2017,-0.45,0.54,0.13,-0.11,15.54,-1.12,0.07,-0.04,-0.58,0.13,-1.31,-0.6
1/5/2017,-0.34,0,-0.06,1.28,23.27,-1.25,0.05,-4.98,-9.87,-1.13,-1.03,-1.05
1/4/2017,0.64,-0.28,-0.19,1.16,3.51,1.06,0.02,0.61,2.1,1.01,0.96,0.75
1/3/2017,0.7,0.44,0.33,0.23,3.8,0.52,0.2,-0.58,0.4,0.09,0.35,1.45
12/30/2016,-0.52,-0.76,-0.39,0.03,-15.28,-0.39,-0.72,-0.48,-0.68,-0.4,-0.73,-0.05
12/29/2016,-0.21,-0.09,0.03,-0.09,-6.98,-0.21,-0.11,0.01,0.25,-0.64,-0.24,0.1
12/28/2016,-1.43,-0.29,-0.44,-0.19,0.73,-0.87,-0.9,-0.25,0.01,-1.04,-0.36,-1.65
12/27/2016,0.18,0.04,0.1,0.26,10.81,0.2,0.21,0.05,-0.06,-0.02,0.21,-0.05
12/23/2016,0.03,-0.31,0.04,0.16,-5.75,-0.24,0.01,0.31,-0.08,-0.33,0.64,0.85
12/22/2016,0.39,0.01,-0.05,-0.65,-4.26,-3.39,-1.58,-1.34,-2.61,-1.72,-0.32,-0.8
12/21/2016,0.31,0,-0.23,-0.01,-0.62,-0.52,-0.43,-0.44,-1.03,-0.44,-0.41,-0.4
12/20/2016,0.35,-0.08,0.32,0.74,5.22,0.61,0.22,0.95,1.5,0.7,-0.48,-0.85
12/19/2016,0.4,1.32,0.58,-0.19,8.23,0.29,-0.02,-0.47,0.94,-0.44,-0.39,0.95
12/16/2016,-0.51,-0.28,-0.48,0.2,-3.23,-0.23,0.36,-2.67,-4.43,-1.16,0.9,0.15
12/15/2016,0.61,-0.1,0.24,-2.5,-7.82,-0.21,-0.02,-0.02,0.06,-0.05,0.29,0.9
12/14/2016,-0.82,-0.3,-0.25,-0.56,-5.52,-0.48,-1.99,-0.55,0.2,-0.45,-0.25,-0.9
12/13/2016,0.06,0.81,0.83,0.17,14.22,0.93,1.09,0.25,-0.32,-0.11,0.13,0
12/12/2016,-0.37,0.2,0.21,-0.46,-8.54,-0.65,0.25,-1.98,-1.87,-0.23,-1.51,-1.1
12/9/2016,-1.54,0.96,0.06,0.35,1.33,-0.45,2.11,-0.63,-1.93,-0.31,0.47,-0.15
12/8/2016,-0.1,-0.36,0.2,0.89,-3.09,0.87,-0.71,-0.11,1.61,0.79,0.84,1.9
12/7/2016,0.14,1.42,0.78,0.55,5.7,0.2,0.28,0.78,2.82,1.59,0.64,-0.5
12/6/2016,-0.61,-0.27,0.33,-0.23,5.36,-0.21,-0.29,0.49,0.49,0.11,0.29,0.05
12/5/2016,0.62,0.97,0.23,0.13,19.02,-0.96,-0.11,-0.57,-0.71,1.15,1.02,1.7
12/2/2016,-0.03,0.05,0.4,0.44,-3.31,0.12,0.89,0.06,0.3,0.22,-0.34,-0.75
12/1/2016,-0.62,-1.06,-0.94,-1.39,-6.92,0.58,-0.51,0.22,1.09,-0.25,0.2,-0.15
11/30/2016,0.17,-0.83,-0.61,-0.58,-11.95,-1.17,-0.8,-0.29,-0.31,0.08,-0.82,0.1
11/29/2016,-0.88,0.48,-0.2,0.15,-4.25,0.69,0.18,-0.64,0.09,0.29,-0.8,-2.65
11/28/2016,0.08,0.08,0.07,0.58,-13.6,-0.89,0.92,-1.01,-0.76,-1.25,-0.81,-0.65
11/25/2016,0.26,0.13,0.24,-0.09,0.25,0.13,0.38,-0.77,-0.72,-0.38,0.48,0.25
11/23/2016,-0.16,-0.72,-0.28,-0.05,-5.21,0.61,0.13,0.45,-0.13,0.36,0.62,0.65
11/22/2016,0.51,0.26,0.5,-0.1,5.33,1.36,-0.5,1.27,1.1,0.95,0.59,1.75
11/21/2016,0.47,0.51,0.03,-0.08,19.84,0.32,1.15,0.16,-0.01,0.86,0.49,1.45
11/18/2016,-0.3,-0.29,-0.07,-0.26,3.76,0.06,-0.72,-0.02,0.06,-1.2,-0.04,-0.4
11/17/2016,-0.64,0.99,0.18,0.47,9.91,0.1,0.8,1.21,0.73,5.54,0.35,-0.8
11/16/2016,-0.07,0.78,-0.07,0.77,3.25,4.59,-0.09,0.45,0.92,0.57,1.18,-0.55
11/15/2016,0.48,0.75,0.43,0.91,24.17,-0.73,1.52,-0.17,-0.93,-0.06,-0.05,-0.5
11/14/2016,2.29,-0.9,-0.13,-1.12,-19.94,0.82,0.71,0.2,0.57,1.58,-0.79,1.7
11/11/2016,0.48,0.32,0.11,0.26,-3.37,0.81,0.18,0.83,2.25,-1.62,-1.09,1.5
11/10/2016,0.53,-1.47,-0.25,-1.05,-29.5,1.73,-0.67,2.15,5.27,1.47,4.8,2
11/9/2016,0.77,-0.3,0.01,0.05,-15.87,1.76,1.45,0.51,1.73,0.52,1.74,2.3
11/8/2016,0.29,0.05,0.05,0.11,2.82,-0.48,-1.36,0.1,0.13,-1.08,0.14,0
11/7/2016,0.87,1.71,1.08,0.77,29.88,1,1.1,0.92,1.02,0.88,0.42,1.2
11/4/2016,-0.37,-0.5,-0.32,0.05,-11.98,-0.14,-0.43,-0.04,0.13,0.08,0.46,0
11/3/2016,-0.74,-0.22,-0.67,-0.45,1.47,-1.59,-1.15,0,-0.46,-0.28,0.04,0.5
11/2/2016,-0.88,-0.37,0.08,-0.65,-19.85,0.48,-0.53,0.05,-0.54,-0.28,0.26,-1
11/1/2016,0.64,-0.12,-0.35,-0.22,-4.41,-0.95,-0.27,0.35,-0.06,-0.24,-0.67,0.55
10/31/2016,0.49,0.05,0.13,-0.23,13.5,-0.1,1.63,0.93,-0.37,0.13,0.62,0.25
10/28/2016,0.02,-0.23,-0.07,-0.09,-42.04,1.21,-1.06,0.26,0.42,0.3,0.76,-2.4
10/27/2016,-1.9,-0.53,-0.11,-0.21,-4.23,-0.97,-0.14,-0.65,-0.05,-0.81,1,-4.6
10/26/2016,0.24,-0.36,-0.18,-0.47,-12.59,0.64,-0.15,0.02,0.24,0.03,-0.6,-0.85
10/25/2016,0.63,-0.01,-0.16,-0.04,-2.91,-0.31,-0.66,-0.71,-0.93,-0.2,-1.23,-1.35
10/24/2016,0.28,1.34,0.11,0.42,19.1,0.03,1.54,0.13,-0.61,0,0.44,0.11
10/21/2016,0.01,2.41,-0.28,-0.21,8.67,0.52,0.55,0.64,1.03,-0.02,0.26,-1.09
10/20/2016,0,-0.28,-0.08,-0.35,-7.37,0.18,3.84,0.28,0.19,-0.07,-0.29,0.13
10/19/2016,-0.05,-0.13,-2.24,1.05,0.04,0.17,-0.9,0.39,0.79,0.13,0.71,0.54
10/18/2016,0.76,0.44,0.46,-0.11,4.7,0.12,0.07,0.11,-0.18,-0.05,-0.08,-0.7
10/17/2016,-0.45,-0.2,-0.16,0.35,-10.01,-0.87,-0.3,-0.48,-0.46,0.16,-0.25,-0.36
10/14/2016,0.35,0.5,0.48,-0.18,-6.32,0.22,0.11,-1.23,-1.44,-0.52,0.4,-0.74
10/13/2016,-0.27,-0.19,-0.16,-0.74,-4.81,0.03,-0.1,-0.74,-0.85,0.06,-0.34,-0.69
10/12/2016,0.19,-0.08,-0.14,-0.32,3.09,-0.53,0.22,0.3,0.07,1.44,0.66,0.16
10/11/2016,-0.61,-0.85,-0.75,-1.24,-10.71,-0.47,-1.57,-0.3,-0.25,-0.58,-0.39,-1.98
10/10/2016,0.16,0.24,-0.08,0.7,2.28,-0.18,-0.23,-0.5,0.02,0.01,-0.05,0.44
10/7/2016,0.12,0.06,0.03,-0.46,-2.23,0.63,-0.42,0.36,1.16,0.72,0.21,-0.6
10/6/2016,-0.08,0.1,0.08,-0.03,-2.7,0.67,-0.21,0.32,0.64,0.29,-1.24,-0.27
10/5/2016,0.52,0.4,0.45,0.53,10.33,-0.91,0.27,0.8,1.07,-0.09,-0.32,1.07
10/4/2016,-0.29,-0.18,-0.12,0.05,-2.71,-0.03,-0.14,0.28,0.39,-0.2,-0.12,-0.26
10/3/2016,0.13,-0.18,-0.09,0.03,-0.57,0,-0.24,-0.77,-0.88,0,0.09,-2.02
9/30/2016,-0.04,0.2,0.43,0.53,8.26,0.96,1.41,1,0.95,0.77,0.1,0.65
9/29/2016,-0.83,-0.63,-0.12,-1.12,0.33,-0.1,-1.45,-0.05,0.29,-0.27,-0.24,-0.08
9/28/2016,-0.03,0.08,0.26,0.32,12.61,-0.47,-0.31,-0.5,-0.19,-0.57,-1.27,1.49
9/27/2016,0.72,1.05,0.53,1.08,16.95,1.07,0.29,0.36,0.02,0.74,-1.09,0.79
9/26/2016,-0.21,-0.53,-0.54,-0.51,-6.59,-1.55,-1.37,-0.38,-0.68,-0.48,-1.43,-0.4
9/23/2016,-0.18,-0.39,-0.36,-1.35,1.05,0.21,-0.33,0.36,-0.15,-0.48,1.23,0.35
9/22/2016,0.32,0.06,0.1,0.01,14.96,-0.91,1.8,0.25,-0.83,0.2,1.63,1.04
9/21/2016,0.81,0.95,0.31,1.35,9.52,0.85,-0.06,1.05,0.67,0.45,0.01,-0.24
9/20/2016,-0.2,-0.12,-0.02,-0.4,5.12,-0.27,-0.17,-0.26,-0.03,-0.32,-0.62,-0.02
9/19/2016,0.52,-0.32,-0.51,-0.48,-3.42,-0.34,-0.68,-0.32,0.73,0.14,0.62,1.8
9/16/2016,-0.31,0.06,1.11,-0.32,8.83,0.02,0.09,-0.02,0.26,0.32,0.36,-0.88
9/15/2016,0.79,0.93,0.94,0.53,8.6,1.01,0.42,0.35,0.29,0.02,0.19,1.11
9/14/2016,-0.2,-0.27,0.01,0.42,0.08,-0.74,-1.27,0.53,-0.35,0.19,-0.83,0.59
9/13/2016,-0.91,-0.52,-0.47,-0.42,-10.48,-0.36,-1.32,-0.97,-0.89,0.18,-0.31,-0.07
9/12/2016,0.42,0.84,0.64,0.54,11.35,0.3,0.65,0.17,0.77,0.42,1.05,0.94
9/9/2016,-1.48,-1.22,-1,-1.44,-23.92,-0.46,-1.75,-0.52,-0.12,-1.05,-0.45,-2.38
9/8/2016,-0.18,-0.23,-0.02,0.01,-0.42,-0.84,1.79,-1.19,-1.16,-0.67,-1.26,-0.62
9/7/2016,0.08,0.05,-0.11,-0.36,-4.39,0.2,1.24,1.04,0.99,0.35,0.62,1.13
9/6/2016,0.27,-0.06,0.49,1.43,16.43,-0.71,-0.58,-0.49,-0.35,-0.51,0.03,-0.58
9/2/2016,-0.11,0.08,0.06,0.35,1.82,0.23,0.68,0.3,-0.39,0.21,0.5,1.72
9/1/2016,-0.22,0.13,0.13,0.18,1.46,0.39,0.83,0.16,-0.46,0.06,-0.23,-1.15
8/31/2016,-0.24,-0.43,0.19,0.17,1.58,-0.2,0.19,-2.01,-0.55,-0.42,0.17,-4.74
8/30/2016,-0.85,-0.21,0.15,0.32,-3.71,-0.66,0.17,-0.5,-0.33,-0.12,-0.7,-0.18
8/29/2016,-0.03,0.07,0.29,-0.01,2.29,0.7,0.96,0.13,0.72,-0.46,-0.24,0.88
8/26/2016,-0.32,-0.14,0.17,0.24,9.78,-0.46,-0.79,-0.69,-0.14,-0.03,-0.85,-0.11
8/25/2016,-0.07,0.22,-0.06,0.12,1.97,-0.92,-1.29,-0.48,-0.29,0.01,0.54,-0.54
8/24/2016,-3.08,0.06,-0.25,-0.69,-5.2,0.68,-0.91,-0.27,-0.05,0.27,-0.4,0.44
8/23/2016,0.51,0.22,0.04,0.08,2.97,0.66,-0.36,0.65,0.76,6.43,-0.86,1.07
8/22/2016,-1.22,0.05,0.12,-0.5,2.17,0.27,0.15,-0.95,-1.16,0.21,0.09,-0.01
8/19/2016,-0.44,0.02,0.27,0.12,-7.15,-0.18,-0.06,0.05,-0.32,-0.61,-0.09,-0.35
8/18/2016,0.07,0.04,-0.05,0.2,-0.17,-0.33,0.13,-0.16,0.61,-0.1,1.72,-0.39
8/17/2016,-0.43,0.12,-0.19,0.21,0.59,-4.85,-0.28,-0.29,-0.95,-1.01,-3.33,-0.42
8/16/2016,-0.4,-0.68,0.3,-0.18,-4.45,-0.05,-0.81,0.24,0.07,-0.2,1.54,-0.74
8/15/2016,0.48,0.18,0.34,-0.27,-4.07,-0.28,0.29,0.64,1.07,-0.36,0.01,0.4
8/12/2016,-0.19,-0.36,-0.11,1.67,1.32,1.8,0.41,0.01,0.75,0.25,0.07,0.5
8/11/2016,0.21,0.28,0.15,1.34,2.68,0.96,0.41,5.81,6.15,0.89,-0.01,0.83
8/10/2016,0.72,-0.18,-0.39,0.69,0.25,0.44,1.61,0.22,0.34,0.17,-0.5,-0.13
8/9/2016,-0.5,0.14,-0.12,0,1.75,-2.39,0.26,-0.97,-1.67,-0.58,-0.02,0.53
8/8/2016,-0.06,0.1,0.06,0.25,0.58,0.06,0.1,0.64,0.07,-0.11,0.15,0.88
8/5/2016,0.38,0.57,0.4,0.07,5.21,0.8,0.68,0.42,0.45,0.8,0.28,0.98
8/4/2016,-0.92,0.42,0.33,0.53,6.13,0.04,0.25,0.26,0.13,0.04,-0.4,0.45
8/3/2016,0.6,0.39,-0.31,-0.18,-5.94,0.21,0.65,0.67,0.85,0.55,0.28,0.87
8/2/2016,-0.89,0,-0.29,-0.23,-7.16,-1.62,-0.32,-2.56,-3.27,-0.61,-0.44,-1.18
8/1/2016,1.42,-0.1,-0.01,0.61,8.93,0.18,0.02,-0.51,-0.45,-0.13,0.24,0.64
7/29/2016,0.79,0.47,0.09,-0.33,6.2,0.54,-0.21,-0.04,0.56,0.32,-0.09,1.75
7/28/2016,1.75,0.02,-0.06,-0.14,15.94,-0.46,-0.48,0.17,0.33,0.14,0.16,-8.04
7/27/2016,5.4,-0.57,-0.26,-0.1,1.08,-0.97,-1.39,-1.12,-0.35,-0.05,-0.16,0.68
7/26/2016,0.47,0.03,0.4,0.44,-4.02,-0.08,-0.24,0.36,0.89,0.72,-0.94,0.97
7/25/2016,-0.13,0.16,0.03,-1.06,-5.25,1.38,0.22,1.18,0.69,0.33,-0.67,0.2
7/22/2016,0.34,0.77,0.39,0.53,0.43,0.58,-0.35,-0.21,-0.04,-0.14,1.28,0.66
7/21/2016,0.01,-0.11,-1.42,-0.05,-1.29,-0.14,-0.81,0.19,-0.07,0.49,0.33,-0.54
7/20/2016,0.04,2.82,0.54,0.73,5.77,0.53,0.3,0.43,0.61,0.1,0.85,0.93
7/19/2016,0.23,-0.87,0.1,0.22,3.88,-0.01,-0.57,-0.38,-0.09,-0.29,0.62,-2.02
7/18/2016,0.42,0.26,-0.02,0.23,0.63,0.92,0.27,0.57,0.45,0.6,0.25,-0.05
7/15/2016,0.27,-0.04,-0.13,-0.24,-5.76,-0.45,-1.27,-0.15,0,-0.38,-0.05,0.28
7/14/2016,0.43,0.23,0.19,0.32,-1.43,0.32,2.01,-0.25,0.11,0.36,-0.21,-0.44
7/13/2016,-0.4,0.3,0.07,-0.25,-5.58,-0.35,0.55,-0.57,-1.26,-0.13,-0.48,-0.04
7/12/2016,0.97,0.62,0.56,-0.07,-5.57,0.98,-0.79,0.79,0.28,0.28,-0.06,0.91
7/11/2016,0.37,0.29,0.38,0.22,7.97,1.23,0.21,0.5,0.19,0.3,1.62,0.51
7/8/2016,0.78,0.92,0.8,0.22,9.24,1.22,1.3,0.75,1.04,0.35,1.33,1.78
7/7/2016,0.57,0,0.23,0.01,-1.04,-0.42,-1.05,0,0.49,-0.03,-0.21,1.4
7/6/2016,0.11,0.21,0.29,0.01,9.51,0.77,-1.97,0.51,1.02,0.27,-0.08,-0.21
7/5/2016,-0.56,0.01,-0.07,-0.49,2.42,-0.31,0.46,-0.5,-1.22,-1,-0.34,-0.92
7/1/2016,0.05,-0.01,-0.05,0.43,10.06,0.23,-0.21,-0.01,0.04,0.76,-0.51,-0.33
6/30/2016,0.99,0.63,0.87,0.7,0.02,-0.18,0.08,0.29,0.18,0.1,0.37,1.23
6/29/2016,0.82,1.1,0.74,0.82,7.65,0.26,3.31,0.89,0.13,0.48,0.04,0.75
6/28/2016,0.93,1.01,0.47,0.82,16.59,0.29,0.49,0.72,1.11,0.65,0.25,0.13
6/27/2016,-1.09,-1.4,-0.83,-1.02,-7.6,0.1,-2.39,-0.37,0.34,-0.78,-1.33,-0.84
6/24/2016,-2.51,-2.08,-1.44,-1.54,-23.12,-0.43,-3.28,-1.3,-1.36,-0.28,0.14,-3.46
6/23/2016,0.98,0.92,0.7,0.42,11.48,0.92,1.32,0.57,0.73,0.38,0.72,0.65
6/22/2016,-0.21,-0.2,-0.03,-0.04,-5.22,0.56,0.54,-0.23,-0.05,-0.01,-0.42,-0.56
6/21/2016,-0.01,1.12,0.15,0.11,1.81,0.31,0.27,-0.17,0.2,-0.32,-0.27,-1.73
6/20/2016,0.44,-0.06,0.41,0.35,7.62,0.49,0.28,-0.02,0.29,0.08,0.24,0.34
6/17/2016,0.21,-0.26,0.07,-0.45,-11.12,0.52,-0.5,0.88,1.3,0.63,-0.86,-0.56
6/16/2016,-0.35,0.7,0.08,0.07,3.25,-0.29,-0.06,0.41,-0.14,0.33,-0.56,-0.07
6/15/2016,-0.31,-0.14,-0.53,-0.08,-5.04,0.53,-1.13,0.63,0.7,0.17,-0.85,0.21
6/14/2016,0.1,-0.31,-0.03,0.93,4.06,-0.15,-0.02,-0.29,-0.83,-0.17,-0.18,-0.67
6/13/2016,-0.08,-1.34,0.13,-0.36,-2.67,-0.99,1.89,-1.64,-1.48,-0.1,-1.08,-1.53
6/10/2016,-0.73,-0.14,0.1,-0.52,-9.74,0.19,3.46,-0.36,-0.64,-0.66,-0.67,-2.94
6/9/2016,0.02,-0.42,0.05,0.38,1.01,-0.93,-0.43,-0.66,-0.71,-1.32,-0.08,-0.94
6/8/2016,0,-0.06,0.01,0.24,2.9,0.38,0.32,-0.06,0.11,-0.17,0.72,-0.32
6/7/2016,0.43,-0.03,0.2,-0.34,-2.99,-0.57,0.46,0.04,0.7,0.26,-0.2,0.09
6/6/2016,0.41,0.34,0.06,0.47,1.19,0.16,-0.02,-0.05,-0.71,-1.02,0.24,0.34
6/3/2016,-0.42,-0.69,-0.14,-0.55,-2.7,0.33,-0.42,-0.02,0.67,-0.11,0.08,0.19
6/2/2016,0.49,-0.37,0.1,0.5,8.8,-0.09,1,1.32,1.21,0.24,0.54,1.34
6/1/2016,-0.21,-0.15,0.07,-1.29,-3.35,-0.37,0.7,-0.18,0.13,0.05,-0.32,0.11
5/31/2016,0.81,0.68,0.02,0.12,10.55,-0.12,0.4,0.49,-0.07,0.14,0.83,3.07
5/27/2016,0.26,0.43,0.08,1.06,-2.67,-0.01,0.22,1.15,0.54,0.08,2.82,-0.54
5/26/2016,0.16,-0.23,0.1,1.17,6.56,-0.37,-0.85,-0.24,-0.32,-0.12,2.33,0.2
5/25/2016,0.16,0.53,0.33,-1.94,4.15,0.59,0.48,0.62,0.5,1.52,-0.24,0.77
5/24/2016,0.68,1.56,0.83,0.87,7.45,0.76,0.62,-0.1,-0.2,-2.45,0.47,1.18
5/23/2016,0.16,-0.59,0.08,0.16,-6.05,-0.73,-0.69,0,-0.26,0.66,-0.38,0.49
5/20/2016,0.47,0.3,0.52,-0.52,4.28,1.6,1.01,0.42,0.91,0.81,0.45,0.57
5/19/2016,-0.12,-0.49,-0.36,-0.22,1.07,-0.94,-0.33,0.8,0.38,0.78,-0.34,-1.24
5/18/2016,-0.12,0.3,0.01,-0.03,2.18,-5.61,0.06,-0.33,-0.66,-1.14,0.5,0.1
5/17/2016,-0.36,-1.32,-0.41,-0.21,-15.39,-1,-2.39,-0.33,-0.99,0.17,-0.45,-0.4
5/16/2016,0.41,0.75,0.48,1,0.74,0.73,0.26,-0.49,0.47,0.77,0.17,0.66
5/13/2016,-0.16,-0.43,0.15,-0.55,-8.01,-1.72,-1.26,0.01,0.59,-0.3,-0.42,-0.63
5/12/2016,-0.11,0.46,-0.3,-0.34,4.7,-0.1,-0.36,-0.17,-3.55,-0.28,0.43,0.86
5/11/2016,-0.55,0.03,-0.08,-0.07,10.16,-4.35,-0.69,-5.61,-2.48,-1.44,-2.5,0.35
5/10/2016,0.42,0.95,0.34,0.26,23.32,0.12,0.03,-0.75,-0.99,0.31,-0.3,0.51
5/9/2016,-0.43,-0.32,-0.24,-0.05,5.8,1.19,1.46,0.09,0.8,0.68,1.62,0.06
5/6/2016,-0.22,0.45,0.14,0.29,14.86,0.61,-2.03,-0.25,-0.29,0.37,-0.67,0.45
5/5/2016,-0.22,0.07,0.05,0.94,-11.81,-1.58,-0.03,-0.78,-0.78,0.11,-0.19,-0.62
5/4/2016,-1,0.09,-0.51,-0.01,-0.42,-0.28,0.03,-0.81,-1.44,-0.24,-0.09,-0.5
5/3/2016,-0.73,-0.83,-0.25,-0.52,-12.53,-0.13,0.9,-0.42,-1.19,-0.53,-0.33,-0.5
5/2/2016,0.38,0.74,0.33,-0.07,24.26,0.62,1.28,0.32,0.77,0.19,0.65,1.13
4/29/2016,-0.63,-0.03,-0.83,0.01,57.59,-1.83,-1.065,-1.01,-1.21,-0.57,-0.23,-3.81
4/28/2016,-0.62,-1.04,-0.64,-0.36,-4.57,-1.96,-1.215,-0.41,-0.47,-0.83,0.09,-17.68
4/27/2016,1.59,-0.5,0.35,-0.16,-10.31,0.69,0.25,0.47,0.22,0.33,-0.74,0.83
4/26/2016,0.21,-0.67,0.01,-0.12,-9.32,0,0.92,0.21,0.8,0.68,0.83,1.13
4/25/2016,-0.63,0.33,-0.25,-0.25,5.7,0.27,0.25,-0.63,-0.5,-0.75,-1.66,-2.14
4/22/2016,0.47,-4,-0.33,-0.19,-10.5,-0.42,-0.42,-0.59,0.03,0.36,0.57,1.64
4/21/2016,-0.65,0.19,-0.03,-0.17,-1.99,-0.12,-0.57,0.19,-0.7,-0.26,1.09,0.26
4/20/2016,0.29,-0.8,0.4,1.51,5.09,-1.11,-0.71,0.21,1.28,0.22,0.6,-0.29
4/19/2016,0.33,-0.07,-0.05,-0.19,-7.45,0.56,0.59,0.43,0.76,0.12,-1.12,0.4
4/18/2016,0.04,0.81,0.19,0.01,9.46,0.82,-0.19,0.08,0.72,0.38,0.4,1
4/15/2016,0.14,0.29,-0.34,-0.66,5.14,0.82,0.18,0.98,0.47,0.07,1.18,-1.37
4/14/2016,-0.23,0.01,-0.33,-0.14,5.93,0.22,0.18,-0.67,-0.35,0.17,-0.16,1.24
4/13/2016,1.9,0.7,0.27,0.65,11.65,0.78,-0.23,0.26,0.57,1.34,0.38,1.41
4/12/2016,0.48,0.34,0.19,0.18,7.24,1.01,0.16,0.25,0.14,0.28,0.06,1.17
4/11/2016,0.31,-0.11,0.04,0.41,1.33,-1.11,-0.22,0.14,-0.83,0.43,0.1,-1.08
4/8/2016,0.06,-0.04,0.08,-0.1,3.17,-0.69,0.07,-0.94,-0.62,-0.11,-0.16,-0.15
4/7/2016,-0.45,-0.66,-0.53,-0.49,-10.65,-0.6,-2.39,-0.95,-0.87,-0.93,-0.62,-1.77
4/6/2016,-0.03,0.56,0.18,0.25,15.94,0.07,0.33,0.1,-0.05,-0.07,0.24,1.52
4/5/2016,0.04,-0.87,-0.1,-0.61,-7.05,-0.2,-2.95,-0.69,-0.19,-0.68,-0.34,0.05
4/4/2016,0.32,-0.14,-0.45,0.54,-5.31,-0.46,-0.39,-0.8,-0.64,-0.22,0.6,-0.37
4/1/2016,-0.27,0.34,0.1,-0.33,4.86,0.48,2.46,-1.13,-0.87,-0.32,0.59,0.75
3/31/2016,0.1,0.18,-0.36,0.25,-5.05,-1.32,0.61,-0.01,0.56,0.87,0.28,-1.08
3/30/2016,0.37,0.34,0.33,0.24,4.83,0.63,0.61,-0.32,-0.5,-0.13,-0.4,-0.02
3/29/2016,0.39,1.17,0.48,1.09,13.99,0.17,0.23,0.04,-0.24,0.32,1.24,2.58
3/28/2016,0.13,-0.67,0.02,0.37,-3.08,0.76,0.46,0.9,0.86,0.09,-0.13,-0.52
3/24/2016,-0.36,0.24,-0.12,0.06,13.32,0.54,-0.01,0.06,-0.78,-0.13,0.98,0.38
3/23/2016,-0.64,-0.1,-0.32,-0.61,9.15,-0.2,-0.46,-0.36,-0.36,-0.36,-0.73,-1.53
3/22/2016,0.06,0.21,-0.02,-0.06,6.5,-0.5,-0.75,-0.37,-0.84,-0.43,-0.24,-0.59
3/21/2016,0.28,0.37,-0.34,0.3,1.9,-0.51,-0.39,-0.72,-0.26,-0.31,-0.57,1.28
3/18/2016,0.04,-1.17,0.7,0.895,-7.36,-0.31,0.64,0.9,-0.08,0.28,-0.33,0.93
3/17/2016,0.24,0.31,0.29,0.265,-14.83,0.63,1.2,0.47,0.52,0.2,-0.47,1.89
3/16/2016,0.33,0.76,0.04,0.75,-2.75,0.74,0.78,0.39,0.03,0.25,-0.12,0.18
3/15/2016,-0.25,0.42,0.22,-0.32,3.65,-0.12,-0.2,-0.76,-1.76,-1.66,-1.28,-1.18
3/14/2016,-0.45,0.1,-0.33,-0.23,3.76,-0.1,0.11,-0.48,0.38,-0.67,0.11,1.08
3/11/2016,-0.11,1.02,0.51,0.99,10.68,0.37,0.75,0.15,-0.38,-0.24,-0.45,0.34
3/10/2016,0.56,-0.79,0.385,-0.69,-0.54,0.29,-0.94,-0.11,0.39,0.22,-1.06,-0.82
3/9/2016,-0.1,1.19,0.305,0.58,-0.79,0.68,1.21,0.27,0.37,0.1,0.63,-0.13
3/8/2016,-1.1,0.62,-0.38,-1.03,-2.54,-0.29,1.24,-0.58,0.11,-0.31,0.05,-0.57
3/7/2016,-0.27,-1,0.31,0.1,-12.34,-0.31,-0.3,0.04,1.11,0.78,-1.81,0.87
3/4/2016,-0.2,-0.32,0.05,0.98,-2.35,1.42,-0.47,0.49,0.74,0.05,0.16,5.64
3/3/2016,0.02,-0.6,0.04,-0.03,-2.72,-1.39,0.46,0.13,0.1,0.42,0.78,0.47
3/2/2016,-0.52,0.37,0.17,0.11,1.17,0.14,-0.89,0.26,0.13,0.06,0.43,0.58
3/1/2016,0.93,1.7,0.78,1.01,26.52,2.51,1.41,0.49,-0.16,0.65,0.5,2.24
2/29/2016,0.11,-0.42,-0.21,0.42,-2.71,0.02,-0.63,-0.22,-0.15,-0.06,-0.53,-0.05
2/26/2016,0.09,-0.8,0.18,0.01,0.08,-0.24,-0.35,0.06,0.15,0.21,0.18,1.52
2/25/2016,-0.29,0.74,0.43,0.41,1.11,1.73,0.49,0.52,1.21,0.77,-0.96,0.31
2/24/2016,-0.14,0.18,0.39,0.28,1.1,2.95,0.7,0.54,0.52,0.55,-2.835,-0.41
2/23/2016,-0.24,-1.47,-0.55,-0.5,-6.56,1.52,-0.07,1.25,-0.01,0.19,-1.535,-0.93
2/22/2016,1.01,0.83,0.64,1.13,24.6,0.15,1.23,0.83,0.57,0.78,-1.08,-0.26
2/19/2016,-0.8,-0.37,-0.71,0.62,9.9,-0.21,1.02,-0.9,-0.44,-0.8,0.81,1.23
2/18/2016,-0.29,-0.23,-0.05,0.05,-9.1,0.43,-1.61,0.03,0.92,0.7,-1.41,0.1
2/17/2016,5.83,1.33,0.69,0.09,13,0.6,1.61,0.63,1.28,0.55,1.98,2.86
2/16/2016,0.87,0.59,0.14,2.24,14.02,1.55,-0.53,1.22,1.81,1.38,0.705,1.7
2/12/2016,0.52,0.81,0.42,0.28,3.26,1.9,1.55,1.35,1.12,1.19,0.445,0.99
2/11/2016,-0.63,-0.02,-0.01,-0.34,13.34,-0.71,-0.48,-0.91,-0.4,-0.37,0.35,0.72
2/10/2016,0.52,0.43,-0.58,0.28,8.41,-1.1,1.08,-0.7,-1.31,-0.62,-0.32,-0.38
2/9/2016,-0.4,-0.13,-0.01,-0.23,-6.03,-0.14,2.02,-0.14,-1.21,-0.7,-0.52,-0.21
2/8/2016,-0.34,-0.75,-0.22,-0.92,-14.03,0.44,-2.29,-0.61,0.55,0.42,-0.81,-0.97
2/5/2016,-0.45,-1.84,-0.73,-1.18,-34.13,-0.48,-1.99,-0.48,0.54,-0.16,-1.98,-1.17
2/4/2016,0.92,-0.16,0.43,1.47,5.19,-2.53,0.38,-0.88,-9.61,0.03,-0.61,7.16
2/3/2016,0.09,-0.84,-0.46,-1.38,-21.03,-0.74,-1.19,0.72,0.75,0.02,0.42,-0.21
2/2/2016,-0.96,-1.71,-1.02,-0.51,-22.71,0.48,-2.07,-0.01,1.3,-0.26,-0.29,-2.46
2/1/2016,-0.09,-0.38,-0.2,0.06,-12.19,0.41,0.35,0.5,-0.67,0.64,0.85,0.54
1/29/2016,1.3,3.035,1.05,0.76,-48.35,1.43,2.11,0.84,1.76,0.96,0.93,1.65
1/28/2016,0.13,0.835,0.16,-0.94,52,0.3,-0.84,-0.72,-0.72,-0.3,1.78,-1.03
1/27/2016,-0.09,-0.95,-0.13,-0.29,-17.9,0.25,-0.99,0.11,0.12,-0.77,-0.75,-0.25
1/26/2016,0.64,0.38,0.34,0.2,4.72,1.52,0.73,0.86,1.23,0.97,1.18,0.78
1/25/2016,-0.64,-0.5,-0.325,0.03,0.15,-0.8,-2.13,-2.03,-0.8,-0.2,-1.04,-1.45
1/22/2016,0.71,1.81,0.265,0.44,21.36,1.08,1.86,0.74,1.17,-0.01,-0.5,-0.56
1/21/2016,0.78,-0.31,0.07,0.53,3.25,1.05,-0.47,0.88,1.34,0.75,0.89,1.72
1/20/2016,0.06,0.23,-0.21,-0.96,-2.71,-1.65,-1.25,0.97,-0.73,0.66,0.95,-0.35
1/19/2016,-0.23,-0.43,0.04,0.6,4.3,-0.84,0.77,0.88,-1.77,-1.24,0.24,-1.25
1/15/2016,-0.65,-2.12,-2.98,-1.18,-22.82,-0.33,-1.94,0.24,-1.05,0.68,0.19,-1.14
1/14/2016,0.71,1.47,0.83,0.88,11.19,-1.23,1.94,-1,-0.78,-2.83,-0.35,0.56
1/13/2016,-0.69,-1.14,-0.77,-1.25,-36.08,-1.72,-1.89,0.03,-0.25,-0.87,-0.99,-2.8
1/12/2016,-0.05,0.48,0.62,0.52,0.15,0.94,0.8,-0.21,0.15,0.7,1.62,-0.74
1/11/2016,-0.35,-0.03,0.55,-0.46,10.69,1.04,-0.03,2.93,2.2,0.48,0.5,-0.8
1/8/2016,-1.35,0.16,-0.33,0.47,-0.89,-2.5,-0.12,-1,-2.98,-1.28,0.98,-1.67
1/7/2016,-1.03,-1.88,-1.24,-2,-24.71,-0.2,1.54,0.74,0.81,0.28,-1.14,-0.82
1/6/2016,-1.01,-1,-0.75,-0.04,-1.14,-0.76,-1.24,-0.81,0.27,-1.2,-0.19,-0.51
1/5/2016,0.14,0.25,-0.16,0.8,-3.2,1.29,-2.18,1.17,0.23,0.5,0.37,0.43
1/4/2016,-0.37,-0.68,-0.46,-1.86,-38.9,0.94,-2.105,0.81,1.92,0.2,-1.54,-0.47
12/31/2015,-0.14,-0.83,-0.54,-0.11,-13.18,-1.01,-1.235,-0.4,-0.76,-0.01,-0.39,-0.49
12/30/2015,0.05,-0.24,-0.45,-0.67,-4.9,-0.82,-0.43,-0.32,-0.42,-0.29,-0.33,-0.24
12/29/2015,0.29,0.6,0.51,0.44,18.77,1.57,0.98,0.2,1.57,0.22,0.55,-0.41
12/28/2015,-0.01,0.28,-0.05,-0.51,12.41,-0.3,-0.62,0.02,0.11,0.03,0.58,-0.71
12/24/2015,0.1,-0.15,-0.02,-0.34,-0.91,-0.48,0.41,-0.58,-0.27,-0.1,-0.5,0.84
12/23/2015,0.62,0.47,0.27,0.26,0.55,1.04,0.04,0.63,0.33,0.44,0.59,1.9
12/22/2015,0.71,0.52,0.49,1.225,-1.36,0.9,1.12,0.41,1.36,1.01,0.28,-0.11
12/21/2015,0.29,0.7,0.375,0.015,0.37,0.34,2.38,0.15,1.3,0.11,1.26,0.63
12/18/2015,-0.26,-1.57,-1.045,-0.28,-6.51,-0.96,-0.83,0.37,-0.04,-0.76,-0.41,-1.25
12/17/2015,-0.92,-0.43,-0.39,-0.55,-5.12,-1.47,-1.37,-1.37,-1.52,-0.9,-0.78,-1.43
12/16/2015,0.93,0.93,0.12,0.75,17.13,0.82,2.6,-0.07,-0.24,0.66,0.2,-0.03
12/15/2015,0.71,0.06,0.71,0.44,0.73,0.26,-0.45,-0.43,-0.55,0.14,0.02,0.75
12/14/2015,-0.65,1.08,0.2,-0.32,17.76,0.88,0.85,-0.39,0.52,0.11,-0.47,0.02
12/11/2015,-1.67,-1.21,-0.5,-1.72,-22.17,-0.53,-1.71,-1.12,-1.94,-0.53,-0.14,-0.93
12/10/2015,-0.25,0.29,-0.04,0.23,-2.47,0.36,0.08,-0.27,1.05,-0.2,-0.36,0.96
12/9/2015,-0.27,-0.81,0.06,-0.45,-12.54,-0.65,-0.32,-0.29,-0.07,-0.34,-0.7,-0.6
12/8/2015,-0.17,-0.02,-0.235,0.17,7.5,-0.73,-1.21,-0.11,-0.25,-0.05,-0.19,-1.13
12/7/2015,0.17,-0.1,0.05,-0.23,-2.81,-0.51,0.25,-0.77,-0.63,-0.11,0.94,-0.41
12/4/2015,0.47,1.71,0.895,0.57,6.39,0.71,2.68,0.34,0.69,-0.28,0.01,-0.44
12/3/2015,-0.31,-1.01,-0.79,-1.31,-9.76,1.26,-1.37,0.54,0.97,0.4,-0.28,-0.54
12/2/2015,-0.39,-0.01,-0.26,1.94,-3.05,-0.88,-0.68,-0.89,-0.8,-0.47,0.45,0.26
12/1/2015,0.02,0.87,0.32,-0.1,14.26,0.31,-0.04,0.25,0.09,-0.41,0.31,-0.64
11/30/2015,0.37,0.42,0.31,0.87,-8.46,-0.94,-0.15,-0.91,-0.94,0.3,0.32,0.9
11/27/2015,-0.46,0.24,0.01,-0.22,-2.08,0.28,0.78,-0.39,-0.43,-0.47,0.15,0.78
11/25/2015,-0.33,-0.56,0.09,0.2,4.19,0.27,0.47,0.75,-0.03,0.42,1.45,0.2
11/24/2015,0.96,0.06,-0.12,-0.4,-7.84,0.61,1.02,-0.41,0.89,0.75,0.23,2.28
11/23/2015,-0.1,0,-0.18,0.25,10.54,1.45,0.08,1.44,0.6,0.27,0.88,0.55
11/20/2015,0.41,0.25,0.36,0.485,7.18,0.28,-1,0.06,1.86,-0.16,0.75,-0.6
11/19/2015,-0.01,0.09,1.14,-0.355,-2.27,0.77,-1.75,-0.38,0.03,-0.66,-0.02,0.48
11/18/2015,1.33,0.88,0.52,0.12,20.24,-3.13,1.61,0.89,1.1,0.62,0.01,1.31
11/17/2015,-0.26,-0.795,0.54,-0.085,-4.51,0.6,1.13,-0.59,0.11,-0.92,-0.58,-0.4
11/16/2015,0.55,0.925,-0.01,0.755,5.46,0.42,2.67,-0.48,1.09,-0.41,0.91,0.24
11/13/2015,-0.89,-0.48,-0.29,-1.04,-23.25,-3.04,-1.23,-1.72,-2.94,-1.95,-0.8,-0.87
11/12/2015,-1.35,-0.33,-0.46,-0.15,-7.65,0.06,-1.42,0.38,2.63,-0.36,3.41,-1.04
11/11/2015,-0.46,0.14,-0.35,-0.61,13.57,-2.32,-1.71,-6.58,-2.44,-0.31,-0.81,-0.89
11/10/2015,0.78,-0.65,-0.14,0.31,4.19,0.96,0.05,0.78,1.62,-0.7,-0.52,0.12
11/9/2015,-0.13,-0.76,-0.49,-0.52,-3.88,-0.99,-1.19,-2.66,-2.59,-0.05,-1.57,-0.3
11/6/2015,0.24,0.54,-0.16,-0.92,3.72,-0.93,-1.28,-1.55,-0.09,0.39,1.93,0.73
11/5/2015,0.58,-0.02,-0.15,0.05,14.7,0.76,-1.53,0.01,0.45,0.54,-4.15,-1.05
11/4/2015,0.69,0.25,-0.16,0.35,15.64,-0.84,-0.75,-0.74,-1.16,-1.26,-0.41,0.27
11/3/2015,0,0.91,0.2,-0.55,-3.04,0.97,1.68,-0.16,0.66,0.31,-0.39,-0.06
11/2/2015,0.46,0.6,0.25,-0.35,2.45,0.08,1.87,0.36,0.59,0.4,0.63,0.2
10/30/2015,0.07,-0.72,-0.17,0.57,-0.65,0.9,0.8,1.28,1.54,0.57,-1.66,0.49
10/29/2015,0.27,-0.62,-0.68,-0.135,9.45,0.05,-1.07,-0.17,-1.12,-0.25,-0.9,0.33
10/28/2015,0.34,0.29,0.24,0.885,6.09,1.5,-10.21,0.82,-0.06,0.2,1.41,2.84
10/27/2015,-0.45,-0.56,-0.12,0.9,2.4,0.71,5.68,0.39,0.43,-0.24,-0.08,-0.63
10/26/2015,-0.16,1.38,-0.31,0.23,9.58,1.08,-0.48,0.69,1.27,-0.45,0.07,-0.07
10/23/2015,0.34,4.84,0.5,1.5,35.12,-4.17,1.33,-1.91,-1.36,0.04,0.42,-1.2
10/22/2015,0.96,0.83,1.03,0.55,8.14,0.71,0.59,-0.45,-0.23,0.32,1.29,2.89
10/21/2015,0.38,-0.57,-0.07,-1.71,-5.11,2,-0.7,-0.3,-0.66,-0.47,-1.63,-0.95
10/20/2015,-0.31,0.15,-0.15,-0.67,-12.27,-0.3,0.28,-0.08,0.64,0.24,-0.3,0.64
10/19/2015,-0.06,0.11,0.55,0.13,2.39,-0.35,0.32,0.24,-0.26,0.37,0.35,-1.08
10/16/2015,1.81,0.5,0.29,-0.11,8.32,-0.08,0.88,0.01,0.75,-0.78,-0.15,-3.15
10/15/2015,-4.68,0.33,-0.05,1.39,17.61,-1.07,3.23,0.69,0.17,0.65,2.12,0.72
10/14/2015,0.14,-0.21,0.76,-0.25,-4.07,-2.76,-1.11,-0.49,-0.6,-2.21,-0.45,-1.96
10/13/2015,-0.13,-0.11,-0.17,-0.52,-1.29,-0.25,-1.07,-0.1,-0.89,-0.12,-1.18,-1.67
10/12/2015,-0.12,-0.11,0.07,0.34,10.39,0.33,0.84,-0.64,-0.77,0.21,0.24,-0.85
10/9/2015,0.09,-0.34,-0.38,0.15,6.64,0.19,1.09,-0.47,0.62,-0.3,0.3,-0.64
10/8/2015,0.08,0.65,0.205,0.5,-8.78,0.13,-0.16,0.34,0.5,-0.04,-0.38,2.12
10/7/2015,0.39,0.05,0.575,0.915,4.46,0.46,0.34,-0.26,-0.34,-0.03,1.34,1.02
10/6/2015,-0.13,0.12,0.53,0.105,-6.2,-1.41,-3.86,-0.32,-0.34,-0.36,-0.66,-0.88
10/5/2015,0.79,1.06,0.7,0.14,11.14,-0.02,0.85,-0.13,1.43,-0.1,0.58,0.34
10/2/2015,0.47,0.96,0.51,1.8,11.82,0.02,2.48,0.79,0.34,0.62,-0.1,0.4
10/1/2015,-0.5,0.35,-0.14,0,8.83,0.85,1.53,-0.27,-1.25,0.04,-0.55,-0.87
9/30/2015,0.69,0.82,0.9,0.65,15.82,0.68,1.04,0.93,0.04,1.15,0.75,1.07
9/29/2015,-0.02,0.15,0.48,0.66,-7.99,0.31,-0.57,0.1,0.16,0.45,0.41,-1.43
9/28/2015,-0.24,-0.65,-0.05,-1.53,-20.19,-1.38,-2.69,-2.22,-1.59,-1.01,-1.16,-2.78
9/25/2015,-0.18,0.03,0.33,-0.21,-9.5,-0.01,-0.43,0.43,-0.14,-0.08,0.03,0.32
9/24/2015,0.01,0.04,-0.26,-0.4,-2.32,0.3,-1.69,-0.77,-0.68,-0.24,-0.3,1.5
9/23/2015,-0.28,-0.03,0.07,-0.66,-2.33,0.71,0.73,-0.59,-0.38,-0.12,0.36,-1.05
9/22/2015,-0.64,-0.21,-0.49,-0.77,-9.99,-0.21,-1.54,-0.47,-0.29,-0.59,-0.25,-1.53
9/21/2015,0.31,0.63,0.14,0.43,8.13,1.64,1.76,-0.15,-0.02,0.03,-0.22,0.32
9/18/2015,-0.34,-0.77,-0.69,-0.19,1.39,-1.39,-3.19,-1.94,-1.46,-0.7,-1.14,-1.25
9/17/2015,-0.14,-0.05,-0.06,-0.47,11.48,-0.49,-1.23,-1.28,-1.18,-0.73,0.27,0.31
9/16/2015,0.57,0.32,0.04,0.36,5.02,0.68,-0.01,0.11,1.38,0.49,-0.32,1
9/15/2015,0.33,0.94,0.34,0.72,0.99,0.67,0.75,-0.69,-0.27,-0.01,0.6,0.74
9/14/2015,-0.08,-0.44,-0.08,-1.11,-8.06,-0.73,-0.23,-0.33,0,0.47,-0.08,-1.25
9/11/2015,-0.47,0.19,0.2,0.28,7.2,0.81,1.02,-0.2,-0.1,0.69,0.84,-0.76
9/10/2015,-0.32,0.22,0.03,-0.37,5.35,-0.09,0.44,-0.46,-0.02,-0.2,-0.23,0.24
9/9/2015,-0.99,-0.82,-0.26,0.62,-0.65,-1.22,-1.15,-0.32,-0.8,-0.18,-0.37,1.22
9/8/2015,1.17,1.28,0.98,-0.68,18.54,1.96,2.66,0.77,1.19,1.08,1.38,0.57
9/4/2015,-0.76,-0.89,-0.56,-0.96,-5.72,-1.03,-0.83,-0.88,-1.07,-0.1,-0.24,-0.67
9/3/2015,0.04,0.14,0.48,0.77,-5.83,0.4,0.43,0.66,0.65,0.29,-0.73,0.45
9/2/2015,0.41,1.54,0.78,0.17,14.01,1.66,1.79,0.67,0.37,0.99,1.33,-0.37
9/1/2015,-0.8,-1.7,-0.72,-0.64,-16.35,-2.32,-0.51,-0.66,-0.51,-1.3,-0.19,-2.48
8/31/2015,-0.38,-0.41,0.12,-0.9,-5.12,-0.32,-0.87,-0.39,-0.69,0.77,-0.4,-0.3
8/28/2015,-0.17,0.03,0.7,-0.55,-0.36,0.18,-0.43,-0.05,0.38,0.17,-0.23,0.66
8/27/2015,0.44,1.19,0.42,1.17,17.6,1.01,2.44,0.33,0.48,0.55,1.11,0.97
8/26/2015,1.02,2.24,1.43,0.78,34.4,2.9,4.41,1.95,1.68,2.3,1.72,1.14
8/25/2015,-0.31,-1.21,-0.38,0.43,3,-1.34,-1.27,-0.35,-1.25,3.68,0.17,-0.93
8/24/2015,-1.25,-1.39,-0.31,-1.62,-31.1,-3.12,-3.34,-2.07,-1.87,-0.91,-1.72,-1.06
8/21/2015,-0.74,-2.59,-0.97,-1.17,-21.31,-2.26,-4.16,-2.25,-1.39,-1.25,-0.43,-2.46
8/20/2015,-0.86,-0.95,-0.83,-1.09,-17.14,-0.21,-1.64,-0.95,-1.05,-0.8,-2.08,-1.34
8/19/2015,-0.43,-0.66,-0.55,-0.5,-2.1,0.57,-0.53,-0.28,-0.71,-0.19,0.66,-0.68
8/18/2015,-0.13,-0.05,-0.17,-0.405,-0.2,1.32,-0.76,-0.28,-0.21,0.04,-0.32,2.07
8/17/2015,0.52,0.32,0.06,-0.145,3.7,-0.37,0.6,-0.41,0.12,-0.26,0.22,0.32
8/14/2015,-0.05,0.27,0.15,0.31,1.86,0.36,-0.44,0.38,-0.57,0.93,0.13,1.33
8/13/2015,-0.39,-0.01,-0.59,1.44,3.75,-0.01,-0.82,-1.13,-5.39,0,0.47,-0.92
8/12/2015,0.1,0.33,0.49,-1.54,-1.55,0.13,0.41,-3.42,0.09,0.23,-0.76,1.07
8/11/2015,-0.84,-0.92,-0.67,-1.12,3.46,-0.1,-1,0.15,-0.19,0.19,-1.6,-0.79
8/10/2015,0.46,0.59,0.76,0.48,1.38,-0.01,0.67,0.48,1.58,0.53,-0.36,2.32
8/7/2015,-0.09,0.12,-0.13,0.21,-6.84,-0.56,-0.45,-0.55,-0.33,-0.35,0.31,1.3
8/6/2015,-0.72,-0.96,-0.11,-0.79,-7.55,-0.5,-2.95,-1.46,-0.81,-0.89,-2.28,0.48
8/5/2015,0.42,0.04,-0.01,0.13,5.11,-0.01,1.01,0.34,-0.02,0.04,-0.11,-2.84
8/4/2015,-0.44,0.73,0.08,0.43,-3.13,-0.34,-0.24,0.36,0.33,-0.01,0.38,-1.74
8/3/2015,-0.46,0.11,0.1,0.02,-1.12,-1.46,-0.72,-0.85,-0.47,-0.32,0.06,-1.14
7/31/2015,-0.28,-0.18,0.04,-0.75,-0.61,-0.08,0.09,-0.27,-0.2,0.17,0.89,0.69
7/30/2015,-0.5,0.59,-0.1,-0.25,7.76,0.09,-0.04,0.14,0.35,0,0.51,0.61
7/29/2015,-0.1,0.95,0.05,-0.05,2.97,1.31,0.36,0.31,-0.24,-0.01,1.41,-0.31
7/28/2015,0.68,-0.01,0.61,-0.115,-5.38,1.04,1.84,-1.07,-0.37,0.07,0.33,0.35
7/27/2015,-0.37,-0.59,0.29,-1.015,1.99,-0.72,-0.73,0.01,-0.1,-0.4,-0.14,-2.37
7/24/2015,-0.44,-0.17,-0.535,-0.36,47.24,-1.44,-0.37,-1.27,0.01,-0.4,-1.04,-0.17
7/23/2015,0.09,0.57,-0.01,-0.03,-6.09,-1.17,-1.16,-0.7,-1,-0.18,-0.46,7.96
7/22/2015,0.16,-1.74,-0.115,-0.49,0.27,0.54,0.98,0.24,0.81,0.31,0.45,0.81
7/21/2015,0.16,0.36,-0.38,0.19,-0.1,-1.95,0.01,-0.47,-0.53,-0.14,-0.28,-1.06
7/20/2015,-0.38,0.3,-0.37,-0.14,5.09,-0.46,-0.1,-0.17,0.33,-0.01,-0.68,-0.29
7/17/2015,-0.21,-0.04,-0.43,0.77,7.53,-0.32,-0.34,-0.49,-1.47,-2.02,0.39,-0.8
7/16/2015,-3.3,0.9,0.21,0.53,14.29,0.55,2.14,0.79,-0.27,0.48,-0.18,0.54
7/15/2015,0,0.14,0.04,-0.25,-4.38,0.36,-0.38,5.28,-0.77,-0.16,-0.9,-0.47
7/14/2015,0.03,0.08,-0.08,-0.13,10,0,-0.15,0.02,0.7,0.22,-1.26,0.17
7/13/2015,2.2,0.93,0.56,0.84,12.06,0.19,1.37,0.23,0.12,0.43,1.09,0.24
7/10/2015,0.61,0.09,0.24,0.31,9.12,0.87,3.56,0.7,1.27,0.26,1.69,0.46
7/9/2015,0.18,0.28,-0.57,0.38,4.69,-0.44,3.64,-0.4,-1.91,0.15,0.16,0.59
7/8/2015,-0.29,-0.06,-0.4,-1,-7.02,-0.97,-1.34,-1.84,-0.37,-0.28,-1.06,-0.44
7/7/2015,0.37,-0.09,-0.14,-0.38,0.68,1.52,1.86,0.52,2.13,0.47,0.17,0.56
7/6/2015,-0.79,-0.01,-0.515,-0.77,-1.67,0.66,-0.42,0.06,-0.3,-0.17,0.06,-0.09
7/2/2015,0.08,-0.045,0.375,0.05,0.32,-0.72,0.04,-0.27,0.31,0.03,-0.25,0.68
7/1/2015,0.08,0.295,-0.235,0.04,3.3,1.36,1.33,0.24,0.21,0.86,-0.21,0.23
6/30/2015,-0.05,-0.22,0.025,0.38,4.23,-0.46,0.16,0.38,0.08,-0.12,0.95,0.77
6/29/2015,-1.59,-0.89,-0.63,-1.15,-8.24,-1.99,-2.49,-2.76,-0.84,-1.24,-1.1,-1
6/26/2015,-0.155,-0.39,-0.97,-1.005,-2,-0.42,0.41,0.68,0.01,0.14,-0.17,-0.7
6/25/2015,-0.325,0.015,0.08,0.125,-0.74,0.16,0.21,-0.73,-0.63,-0.1,0.68,0.22
6/24/2015,-1.19,-0.275,-0.175,0.29,-5.15,-0.42,-0.94,-0.21,0.09,-0.94,-0.23,0.09
6/23/2015,0.22,-0.32,-0.175,-0.08,9.7,0.53,-0.66,0.21,0.25,-0.05,-0.12,0.43
6/22/2015,0.175,0.13,0.19,0.22,1.37,0.88,-0.77,0.05,-0.16,-0.03,0.31,-0.57
6/19/2015,0.285,-0.62,-0.31,-0.4,-4.47,0.16,0.72,-0.79,0.61,-0.06,0.15,0.46
6/18/2015,1.34,0.75,0.43,-0.05,11.58,1.09,2.18,0.59,0.44,1,1.72,-0.58
6/17/2015,-0.04,0.14,0.315,0.325,0.55,1.13,-0.26,1.19,0.68,-0.38,0.02,0.64
6/16/2015,1.05,0.355,0.245,0.165,3.59,0.52,1.46,-0.12,-0.52,0.27,0.46,-0.3
6/15/2015,-0.58,-0.495,0.07,-0.055,-6.25,0.98,-0.64,-0.63,-0.07,-0.08,-0.26,-0.03
6/12/2015,-1.24,-0.47,-0.53,-0.41,-3.05,-0.6,-0.73,0.69,0.26,0,0.66,-0.34
6/11/2015,-0.4,-0.17,0.03,-1.125,2.2,0.4,0.3,0.02,-0.05,-0.02,0.08,0.3
6/10/2015,0.71,0.96,0.57,0.43,5.29,0.77,1.32,-0.23,0.41,0.39,0.68,0.52
6/9/2015,0.25,-0.08,-0.05,-0.38,1.98,0.01,0.91,0.16,-0.66,-0.46,-0.815,0.08
6/8/2015,-0.15,-0.41,-0.54,-0.8,-3.45,-0.31,-0.63,-0.28,-0.71,-0.24,-0.005,0.58
6/5/2015,0.125,-0.22,-0.47,-0.07,-3.83,-0.76,-1.36,0.01,-1.42,0,-0.24,0.39
6/4/2015,-0.545,-0.49,-0.42,-0.33,-5.81,-0.38,-0.57,-0.44,-0.5,-0.54,-0.01,-1.15
6/3/2015,0.46,-0.07,-0.54,0.06,5.6,0.34,-0.51,1.19,-0.39,0.3,2.68,-0.09
6/2/2015,0.11,-0.31,-0.635,-0.2,0.07,0.49,0.35,1.68,1.06,0.4,-0.6,-1.17
6/1/2015,-0.01,0.37,-0.555,0.415,1.69,0.19,0.14,-0.14,-0.82,-0.33,-0.46,-0.25
5/29/2015,-0.735,-0.59,0.45,-0.135,2.66,-0.73,-0.21,-1.09,0.11,0.52,-2.35,-0.07
5/28/2015,0.755,-0.16,0.3,-0.31,-4.85,-0.25,-0.13,0.24,-0.01,-0.18,-0.08,-0.7
5/27/2015,0.295,1.02,0.605,0.53,5.95,1.22,0.63,0.47,0.28,0.46,1.01,1.35
5/26/2015,-0.785,-0.31,-0.345,-0.635,-2.16,-0.21,-0.9,-0.78,-0.99,-0.43,1.21,-0.88
5/22/2015,0.01,-0.52,-0.1,-0.19,-4,-0.1,-0.69,0.45,0.19,-0.78,-0.52,-0.07
5/21/2015,-0.11,-0.16,0.18,0.885,7.77,1.21,2.25,-0.55,0.07,1.33,-0.24,-0.45
5/20/2015,-0.01,0,0.22,1.81,2.15,0.26,-0.95,-0.87,-0.66,-1.2,-0.26,-0.24
5/19/2015,-0.06,-0.43,-0.26,-3.38,-3.53,-0.44,-0.52,1.23,0.43,-0.11,-0.15,0.21
5/18/2015,-0.08,-0.285,0.42,-0.39,-0.76,-0.17,-0.11,1.32,-0.06,0.5,0.02,0.31
5/15/2015,0.03,-0.425,0.02,-0.2,-6.28,1.27,1.12,3.31,1.51,-0.23,-0.32,-0.98
5/14/2015,0.05,1.095,0.33,0.555,5.41,-2.55,1.28,-0.51,-9.89,-1.38,-0.15,-0.55
5/13/2015,0.18,0.275,0.39,0.555,-4.15,-1,-0.11,-1.6,0.21,-0.6,0.25,0.07
5/12/2015,-0.78,-0.02,-0.44,0.24,-1.83,0.2,-0.07,-0.7,0,-0.17,-0.04,-0.5
5/11/2015,0.78,-0.38,-0.11,-0.49,-0.84,-0.13,-0.77,0.09,0.02,0.36,0.02,0.86
5/8/2015,0.535,1.05,0.555,0.22,6.81,0.63,0.79,1.23,0.92,0.49,0.23,0.31
5/7/2015,0.105,0.42,0.025,2.21,7.78,0.99,1.13,1.1,0.4,0.8,0.99,0.19
5/6/2015,0.015,-1.32,-0.42,0.36,-2.09,0.15,-0.04,-0.89,1.41,-0.15,0.22,0.12
5/5/2015,-0.415,-0.64,-0.79,-0.74,-1.85,-1.21,-0.99,-0.79,-1.58,-0.17,-0.87,-0.14
5/4/2015,-0.16,-0.415,0.01,-0.47,0.17,0.53,0.67,0.22,0.04,0.46,0.41,-0.34
5/1/2015,0.67,0.015,0.87,-0.055,1.09,0.82,0.53,0.44,1.44,0.53,0.55,0.68
4/30/2015,-0.35,-0.42,-0.335,-0.715,-7.59,-0.04,-1.64,-0.18,0.55,-0.21,-1.39,-2.55
4/29/2015,-1.95,-0.095,-0.135,-1.06,0.06,-2.64,-1.51,-0.99,-2.15,-0.86,-1.92,-0.52
4/28/2015,1.06,1.125,0.52,-0.02,-9.25,0.13,-0.04,-0.14,0.34,0.39,0.35,0.55
4/27/2015,0.24,0.16,0.42,-0.16,-6.54,-1.32,0.14,-1.05,-1.68,-0.06,-0.58,0.12
4/24/2015,-0.95,4.53,-0.27,0.825,55.11,0.77,-0.71,-0.43,-2.19,-0.74,2.06,-3.2
4/23/2015,0.19,0.355,-0.35,-0.28,0.19,0.59,-0.33,0.42,0.87,-0.05,0.17,0.11
4/22/2015,-0.62,0.35,0.27,-0.515,-1.38,0.09,-0.07,-0.03,0.96,-0.27,-0.03,0.48
4/21/2015,0,-0.27,-0.3,-0.165,1.67,0.32,-0.03,0.24,-0.38,-0.13,-0.21,-1.6
4/20/2015,0.9,1.29,0.26,0.205,13.95,0.91,0.16,0.34,0.86,0.12,0.56,-0.05
4/17/2015,-0.94,-0.545,-0.4,-1.33,-10.48,-1.9,-2.56,-1.22,-1.84,-0.73,-2.16,-1
4/16/2015,-0.02,-0.095,0.04,0.05,2.59,-0.04,-2.02,-0.24,0.11,-0.36,0.02,-0.5
4/15/2015,0.77,0.605,1.34,0.205,-1.66,-1.1,-0.44,-0.09,-0.38,-0.25,-0.56,1.6
4/14/2015,0.065,-0.11,-0.24,0.755,2.75,0.1,0.27,-1.15,-1.15,-0.54,-0.21,-0.07
4/13/2015,0.135,0.04,-0.2,-0.41,-0.29,-0.61,-0.31,-0.01,-0.67,-0.24,0.4,1.73
4/10/2015,0.07,0.24,0.69,-0.45,-0.89,0.28,-0.6,1.16,0.73,-0.13,-0.13,3.59
4/9/2015,0.26,0.06,-0.07,0.46,2.34,0.15,4.94,-1.8,-0.08,0.35,-0.88,-0.02
4/8/2015,0.45,-0.11,0.05,1.56,6.79,0.53,0.4,1.85,-0.61,0.3,1.79,0.78
4/7/2015,-0.83,-0.015,0.22,-0.06,-2.63,-0.73,-0.73,-0.18,-0.45,-0.15,-1.21,-1.01
4/6/2015,0.225,1.255,0.23,-0.48,4.79,0.67,2.04,0.28,-0.26,-0.01,-0.14,0.11
4/2/2015,-0.585,-0.43,0,0.02,1.995,0.58,1.71,2.4,0.91,1.01,-0.01,-0.05
4/1/2015,-0.45,0.065,-0.46,-0.305,-1.845,0.02,-0.42,0.54,-0.09,-0.58,-0.06,1.5
3/31/2015,-0.61,-0.305,-0.19,-0.515,-2.49,-0.07,-1.31,0.47,1.63,-0.96,-0.92,-0.59
3/30/2015,0.47,-0.01,-0.54,-0.15,4.03,0.58,0.7,0.79,1.31,0.27,0.73,0.37
3/27/2015,0.19,-0.24,1.92,0.63,3.21,1.12,0.85,0.39,0.32,0.08,0.68,1.18
3/26/2015,-0.55,-0.25,0.19,0.27,-3.61,-1.18,-1.44,-1.46,0.3,-1.02,-0.17,-0.68
3/25/2015,-1.05,-1.44,-0.9,-0.22,-3.13,-0.38,-2.12,-0.61,-0.32,-1.43,-1.73,-0.33
3/24/2015,-0.325,0.045,-0.41,-0.295,-1.02,0.77,0.08,-0.31,-0.59,-0.01,0.19,0.81
3/23/2015,-0.095,-0.025,-0.11,-0.32,-3.38,-0.08,-0.31,-0.34,-0.04,0.07,1.1,-0.76
3/20/2015,1.35,0.595,0.57,0.055,5.25,0.71,0.87,0.91,0.03,-0.81,-0.46,0.68
3/19/2015,-0.58,-0.215,-0.15,0.31,-1.895,-0.46,0.18,0.46,0.66,-0.17,0.32,-0.09
3/18/2015,0.24,0.805,0.3,0.885,3.215,0.03,0.92,0.51,0.62,0.13,-0.66,-0.09
3/17/2015,-0.26,0.135,-0.24,0.275,-1.43,0.54,-0.51,-0.03,0.13,0.01,-0.13,-0.58
3/16/2015,0.74,0.18,-0.1,0.64,2.77,1.31,3.05,0.77,0.1,1.1,0.47,0.13
3/13/2015,-0.67,0.36,0.13,-0.08,-3.66,-0.12,-0.53,0.17,-0.31,-0.32,-0.37,-0.05
3/12/2015,-0.85,-0.96,-1.53,0.45,7.87,1.52,1.74,0.83,0.56,0.63,2.26,1.03
3/11/2015,0.02,-0.05,0.63,-0.175,-3.14,0.11,-0.21,-0.94,-0.06,0.25,-0.95,-0.8
3/10/2015,0.1,-0.82,-1.02,-0.305,-9.05,-0.9,-0.78,0.74,0.2,0.14,-0.47,-1.48
3/9/2015,-0.24,0.49,-0.47,-0.46,-1.53,1.36,1.15,-0.42,0.35,0.12,-0.13,0.67
3/6/2015,-1.07,-0.75,-0.54,-0.72,-7.74,-0.99,-0.85,-0.21,-0.24,0.08,-1.06,-1.75
3/5/2015,1.39,0.055,-0.39,0.17,5.11,0.48,0.18,0.3,-0.7,-0.16,0.26,0.63
3/4/2015,-0.38,-0.225,0.025,1.37,-1.89,-0.28,-0.19,-0.58,-0.2,0.61,-0.5,-0.38
3/3/2015,-0.75,-0.6,0.035,-1.49,-1.045,0.32,-0.41,-0.43,0.24,0.55,-0.66,-0.45
3/2/2015,0.82,0.03,0.81,-0.17,5.495,0.85,0.54,0.18,0.46,0.53,2.01,1.45
2/27/2015,0.2,-0.205,-0.4,-0.17,-4.64,-0.07,1.43,0.14,2.11,0.55,-0.08,-0.41
2/26/2015,-0.02,0.065,-0.295,0.02,-0.57,-0.25,1.64,0,0.79,-0.75,-6.14,-0.69
2/25/2015,-0.15,-0.1,-0.465,1.05,6.78,0.2,-0.38,1.48,0.93,0.04,2.38,0.43
2/24/2015,0.2,-0.06,0.65,-0.15,-1.55,0.26,1.8,-2.06,-0.03,-0.73,1.65,0.51
2/23/2015,-0.02,0.295,-0.65,-0.58,-3.52,-0.18,1.46,0.46,0.5,-0.29,-0.2,-0.03
2/20/2015,-1.3,0.355,0.2,-0.26,4.665,0.19,0.03,0.7,1.13,0.15,0.54,0.47
2/19/2015,0.01,-0.03,-0.055,0.72,5.625,-0.67,-0.69,-0.52,-0.38,0.01,0.36,-0.27
2/18/2015,-6.1,-0.05,-0.47,0.12,-2.06,0.71,-0.21,-0.12,-0.1,-0.16,0.09,-2.44
2/17/2015,0.88,-0.29,0.375,-0.89,-6.4,0.52,-0.73,-0.68,0.6,0.17,0.34,-0.49
2/13/2015,0.02,0.78,0.235,0.495,4.66,-0.75,-1.23,-0.34,-0.58,-0.08,0.44,2.6
2/12/2015,1.6,0.71,0.575,0.965,2.03,0.45,0.43,-0.1,-0.64,0.94,-0.23,3
2/11/2015,0.2,-0.22,-0.15,-0.11,2.145,-0.23,2.84,0.24,-0.11,0.18,1.43,0.33
2/10/2015,0.3,0.24,0.77,0.5,2.435,1.26,0.29,0.83,-0.04,1,1.87,0.92
2/9/2015,0.39,-0.05,-0.365,-0.37,-3.72,-0.97,0.25,-0.04,0.32,-0.29,-0.17,1.8
2/6/2015,-0.015,-0.04,-0.645,-0.605,0.39,0.41,1.36,0.03,1.56,1.27,-0.07,-0.35
2/5/2015,0.205,0.61,0.34,-0.5,9.14,0.34,0.12,-1.19,0.87,-0.12,-0.36,8.08
2/4/2015,-0.42,0.24,-0.1,-0.655,1.2,-0.26,-0.12,-1.18,3.99,0.26,0.14,-3.21
2/3/2015,1.05,0.32,0.05,0.015,-0.92,1.62,-0.1,1.89,1.44,0.98,0.76,-3
2/2/2015,0.24,0.88,0.61,0.695,9.94,0.64,1.14,0.3,1.72,-0.23,-0.16,-0.56
1/30/2015,-0.14,-1.61,-1.17,0.26,42.75,-1.88,-0.82,-1.48,-1.03,-0.89,-1.38,0.39
1/29/2015,0.5,0.82,0.435,-2.73,7.87,1.23,0.8,0.47,-0.05,0.96,1.41,-0.89
1/28/2015,-0.86,-1.47,-0.41,-1.53,-2.84,-0.5,-1.16,-0.62,-0.28,-0.27,-0.46,0.13
1/27/2015,-1.44,-4.35,-1.62,-1.45,-2.91,-0.49,-0.91,-0.57,-0.35,-0.43,-0.41,-1.05
1/26/2015,1.29,-0.17,-0.64,0.49,-2.73,-0.04,0.25,0.25,1.25,0.82,-0.29,0.89
1/23/2015,-0.13,0.05,-0.465,0.06,2.07,-0.48,-0.43,0.33,-0.01,0.12,0.71,-0.04
1/22/2015,0.54,1.21,0.43,0.71,13.07,1.82,0.43,1.3,1.53,0.79,1.57,0.1
1/21/2015,-0.02,-0.47,0.39,0.55,7.81,0.28,-0.46,0.9,0.3,0.06,-1.37,2.34
1/20/2015,-0.21,0.15,-0.36,1.16,-1.3,-1.27,0.02,0.16,-0.98,-0.95,-0.42,0.01
1/16/2015,2.01,0.76,0.26,0.24,3.79,-0.73,1.25,0.8,0.79,0.69,0.9,0.51
1/15/2015,-0.98,-0.475,-0.16,-1.28,-6.32,1.34,-0.21,-2.09,-1.37,-5.61,-0.595,-0.62
1/14/2015,0.265,-0.4,-0.15,-0.79,-1.47,-1.62,-0.27,-1.15,-0.72,0.81,-0.485,-0.67
1/13/2015,0.085,-0.245,-0.1,-0.5,3.33,-0.68,-0.44,-0.46,0.01,0.01,-0.6,1.52
1/12/2015,0.01,-0.59,-0.16,-0.92,-5.52,0.2,0.03,0.12,0.42,1.03,0.8,-0.3
1/9/2015,-0.01,-0.4,0.07,-0.51,-3.53,-0.7,-1.88,-1.89,-1.31,-1.05,-0.93,-1.72
1/8/2015,0,1.36,0.67,1.64,2.04,0.36,0.95,0.26,0.21,0.58,0.28,0.8
1/7/2015,0.94,0.58,0.74,-0.62,3.13,2.8,1.91,2.66,2.16,1.08,3.57,1.02
1/6/2015,-0.62,-0.675,-0.67,0.08,-6.9,-0.01,0.19,-0.24,-0.08,-0.34,0.61,-2.46
1/5/2015,-1.45,-0.435,-0.41,-1.04,-6.33,-1.35,-1.5,-0.56,-0.36,-1,-1.21,-3.22
1/2/2015,-0.25,0.31,0.07,-0.34,-1.83,-0.58,-0.2,-0.06,-1.45,-0.19,-0.55,0.49
12/31/2014,-0.34,-0.57,-0.47,-0.71,0.05,0.2,0.15,0.48,0.32,-0.4,0.29,0.41
12/30/2014,-0.59,-0.43,-0.42,0.69,-1.74,0.18,-0.74,0.05,0.07,0.3,-0.47,0.19
12/29/2014,-0.05,-0.43,-0.37,-0.33,2.95,0.47,0.33,1.17,0.45,-0.06,0.42,0.08
12/26/2014,-0.05,-0.26,0.11,0.21,6.06,0.41,-0.21,-0.21,-0.26,0.25,0.53,-0.14
12/24/2014,0.5,-0.31,0.01,0.63,-3.255,-0.04,0.16,0.22,-1.08,-0.8,0.01,-0.14
12/23/2014,0.22,0.47,0.22,-1.13,-0.255,0.19,2.24,0.58,0.97,0.46,0.83,0.68
12/22/2014,-0.16,0.32,0.84,0.27,6.64,0.55,1.04,0.87,0.98,0.22,1.28,0.37
12/19/2014,-1.07,0.14,-0.65,-0.03,2.17,-0.69,-1.15,-1.48,0.14,0.53,-0.58,-2.48
12/18/2014,0.99,1.78,0.78,0.79,-1.15,1.07,2.39,1.31,1.81,1.01,-0.65,0.32
12/17/2014,1.14,0.58,0.68,1.27,3.82,1.29,-0.4,0.75,0.46,1.7,0.73,1.62
12/16/2014,-0.03,-1.51,-0.36,-0.97,-11.01,-0.92,-1.05,-1.12,-0.84,-1.14,-0.33,-0.89
12/15/2014,-0.11,-0.28,-0.305,-0.42,-1.25,0.8,-1.06,0.77,0.75,0.06,-0.88,0.1
12/12/2014,-0.9,-0.22,-0.475,0.3,-0.04,-1.13,1.49,1.14,0.37,0.22,-0.45,-0.01
12/11/2014,-1.66,0.27,0.28,0.735,1.52,0.62,4.86,0.61,0.16,0.63,2.04,1.56
12/10/2014,-1.11,-0.69,-0.47,-1.305,-6.66,-0.69,-0.44,-0.75,-0.06,-0.47,-0.7,-0.6
12/9/2014,0.44,-0.105,-0.31,0.89,5.86,-0.18,0.86,-0.2,0.38,-0.12,0.16,1.82
12/8/2014,-0.34,-0.725,-0.47,-1.37,-5.99,0.12,-0.87,-0.79,-0.64,0.96,-0.165,0.2
12/5/2014,-0.26,-0.42,0.21,0.58,-4.3,0.38,0.7,-0.15,0.25,-0.45,-0.015,0.37
12/4/2014,-0.65,0.76,0.03,0.13,0.43,-0.05,0.52,-1.16,-1.4,0.04,-0.47,0.06
12/3/2014,0.46,-0.38,-0.17,-0.39,-9.81,0.26,0.63,0.41,0.98,-1.16,-1.05,-0.07
12/2/2014,0.16,-0.16,0.43,0.57,0.31,0.32,-1.02,0.06,-0.3,-0.06,0.72,0.81
12/1/2014,-1.06,0.81,-0.08,-1.64,-12.64,-1.25,-0.84,-1.72,-2.09,-2.15,-0.22,-2
11/28/2014,0.23,0.06,0.35,-0.19,5.07,1.84,0.14,1.38,0.95,0.66,0.52,-2.1
11/26/2014,0.13,0.28,0.58,0.21,-1.47,0.06,0.66,-0.37,-0.16,0.34,0.26,-1.01
11/25/2014,-2.69,-0.12,0.07,-0.11,-0.6,0.53,0.08,-0.46,-0.09,-0.49,0.14,0.99
11/24/2014,0.7,-0.39,0.66,0.79,3.01,0.06,0.14,1.03,0.7,0.87,1.88,1.71
11/21/2014,0.19,-0.72,-0.36,-0.21,2.09,0.32,0.25,0.48,-0.12,0.01,0,1.07
11/20/2014,-0.45,0.48,1.6,0.67,4,-1.31,-0.45,0.88,0.94,2.48,1,0.85
11/19/2014,2.55,-0.52,-0.36,-1.17,1.61,4.99,-0.27,0.52,0.27,0.64,-0.06,-0.44
11/18/2014,0.83,-0.72,0.47,-0.62,1.88,0.38,1.51,-0.16,-0.21,-0.39,-0.22,-0.23
11/17/2014,-0.14,-0.12,0.29,0.62,-4.77,-1,-0.38,-0.44,0.22,-0.2,-1.72,0.72
11/14/2014,0.02,-0.03,0.27,1.25,11.34,0.63,-0.03,0.48,1.05,0,1.55,-1.44
11/13/2014,-0.13,0.83,0.3,-0.1,4.97,0.78,-0.48,0,-1.84,0.29,3.42,1.25
11/12/2014,0.25,-0.09,0.07,1.55,-0.5,1,-0.06,2.98,1.68,0.37,0.05,1.15
11/11/2014,0.23,-0.02,0.05,-0.36,6.9,0.2,-0.28,-0.67,-0.34,0.12,-0.43,-1.45
11/10/2014,0.88,0.21,-0.32,0.86,5.25,1.35,0.86,-0.62,-0.65,-0.47,0.59,1.34
11/7/2014,-0.24,-0.02,-0.24,0.62,3.22,2.28,0.27,0.84,0.41,-0.03,0.87,-0.74
11/6/2014,-0.66,0.84,0.06,0.47,0.12,0.77,0.99,1.84,1.72,0.57,0.04,1.97
11/5/2014,-0.24,0.29,-0.78,0.38,-6.29,-0.25,0.42,0.9,-0.08,0.28,0.57,-2.13
11/4/2014,0.14,0.13,0.23,0.74,-2.91,-0.22,0.26,-0.95,0.22,-0.05,0.43,-0.7
11/3/2014,0.22,0.49,0.3,0.29,0.26,-0.23,0.76,-0.57,0.73,0.27,0,-1.28
10/31/2014,1.34,0.9,1.43,0.42,6.39,0.04,1.26,-0.08,-0.58,0.52,0.15,1.1
10/30/2014,0.18,-0.57,-1.34,0.2,4.95,0.89,0.13,0.45,0.36,1.27,0.45,1.73
10/29/2014,-3.24,0.13,0.18,-0.44,-1.47,0.24,-0.87,0.18,-0.22,-0.31,-0.57,0.39
10/28/2014,0.59,0.58,0.54,1.17,5.62,-0.91,0.59,-1.22,-3.89,-0.33,1.22,2.07
10/27/2014,1.35,-0.22,0.02,1.2,2.91,-0.01,0.46,-0.49,-0.54,-0.12,0.26,-1.35
10/24/2014,1.03,1.11,0.49,0.9,-26.12,-0.46,0.58,0.59,-0.11,-0.01,0.75,-1.49
10/23/2014,0.63,0.64,0.42,0.6,0.21,0.7,0.57,0.77,0.77,0.28,0.22,-6.45
10/22/2014,-0.25,-0.5,-0.34,1.82,-2.36,-0.31,-0.05,-0.76,-0.28,0.24,0.12,-3.01
10/21/2014,1.03,0.8,1.03,0.9,9.12,1.35,1.35,1.31,1.19,0.41,0.36,2.74
10/20/2014,0.58,0.45,0.2,0.83,2.57,1.22,-0.07,0.86,0.98,0.85,0.99,1.56
10/17/2014,-0.37,0.89,0.53,0.335,0.78,-0.37,-0.12,-0.36,0.26,0.06,-0.01,-2.6
10/16/2014,0.75,-0.48,-0.425,0.295,-3.11,-0.54,-0.56,0.57,-0.18,0.39,-0.41,2.75
10/15/2014,1.08,-0.51,-0.865,-0.15,-2.34,-1.71,0.26,-0.58,-0.24,0.85,0.32,0.58
10/14/2014,1.43,0.08,0.67,-0.41,1.86,1.25,0,1.59,0.68,0.32,0.08,0.74
10/13/2014,-0.42,-0.38,-0.44,-1.22,-4.94,-0.15,-2.3,-1.69,-0.59,-0.77,0.23,1.13
10/10/2014,0.05,-1.82,-1.71,-1.5,-3.98,-1.01,1.44,0.28,-0.53,-0.37,-0.72,-1.54
10/9/2014,-1.47,-0.93,-0.65,0.02,-7.33,-1.21,0.09,-1.58,-0.92,-0.65,-0.54,-2.94
10/8/2014,1.13,1.25,0.8,0.15,5.72,1.27,1.62,0.62,0.22,1.28,1.67,2.12
10/7/2014,-1.17,-0.56,-0.64,-0.59,-5.22,-0.74,-0.81,-1.15,-1.75,-1.97,0.03,-2.79
10/6/2014,0.78,0,0.08,0.49,-0.54,-0.79,-0.12,-1.09,-1.88,-1.17,-0.03,0.12
10/3/2014,0.565,0.33,0.51,0.53,4.33,0.5,1.01,1.25,0.64,0.65,0.98,2.44
10/2/2014,-1.105,-0.14,-0.47,0.18,0.95,0.5,0.72,0.59,0.42,0.1,0.58,0.53
10/1/2014,-1,-0.46,-0.83,-0.43,-4.98,-0.61,-0.23,-0.42,-0.62,-0.97,-0.28,-1.46
9/30/2014,0.12,-0.08,-0.08,0.23,0.62,-0.36,-0.33,-0.74,-0.23,-0.06,-0.09,-1.37
9/29/2014,0.01,0.03,0.64,-0.14,-1.39,-0.11,-0.58,-0.75,-0.93,0.71,0.01,-0.61
9/26/2014,1.11,0.37,0.12,1.71,1.28,0.27,-0.31,0.86,0.83,-0.32,0.48,-0.46
9/25/2014,-0.49,-1.04,-0.61,-0.93,-6.28,-1,-1.03,-0.75,-1.1,-0.73,-0.19,-1.52
9/24/2014,0.49,0.52,0.33,0.83,4.58,0.8,0.42,0.92,0.57,0.63,0.2,2.86
9/23/2014,-0.78,-0.5,-0.29,0.4,-0.87,-0.28,0.68,-0.3,0.16,-0.31,-0.48,-0.52
9/22/2014,-0.57,-0.46,-0.11,-2.28,-6.82,-0.45,-2.46,-1.16,-0.26,-0.94,-0.67,-1.38
9/19/2014,-0.96,0.84,-0.35,-1.155,6.32,-0.12,-0.3,-0.46,-0.51,-0.35,-0.01,-4.46
9/18/2014,-0.01,0.16,0.19,-0.505,1,1.06,-0.55,-0.07,0.98,0.44,0.73,0.19
9/17/2014,-0.67,-0.24,0.05,-0.12,-3.76,0.01,0.09,0.39,0.41,-0.28,0.26,-1.4
9/16/2014,0.12,0.52,0.39,0.16,3.87,0.65,0.92,0.67,0.76,0.79,-0.06,0.41
9/15/2014,0.09,-0.455,-0.08,-0.33,-7.3,-0.32,-0.1,-0.02,-0.03,0.39,-0.07,-1.34
9/12/2014,0.45,-0.305,-0.4,1.62,0.67,-0.06,-0.62,-0.23,0.53,1.12,0,-1.36
9/11/2014,-0.69,0.16,0,0.12,-0.81,0.64,0.12,-0.09,0.96,0.19,0.32,1.66
9/10/2014,2.06,0.08,0.11,0.36,1.58,1.07,0.71,-0.52,-0.39,0.51,0.53,0.98
9/9/2014,-1.85,0.29,-0.42,-1.03,-12.59,0.32,-0.35,-0.21,0.49,-0.34,-0.46,-1.06
9/8/2014,0.29,0.56,0.33,2.22,-4.04,-0.52,-0.99,-1.19,-1.16,-0.25,-0.14,1.75
9/5/2014,0.83,0.65,0.095,0.4,0.43,0.05,1.49,-0.6,-0.38,0.23,-0.16,-0.61
9/4/2014,-1.12,0.3,0.335,0.32,6.95,0.64,2.24,0.74,1.19,0.93,0.18,1.09
9/3/2014,-0.36,-0.13,0,-0.4,-3.38,0.2,0.21,-0.53,0.03,-0.12,-0.58,-0.35
9/2/2014,-0.41,-0.34,-0.35,0.76,3.34,0.12,-0.51,-0.07,0.32,-0.54,0.6,1.26
8/29/2014,0.21,0.55,0.27,0.2,-0.98,-0.28,0.05,-0.07,-0.61,-0.35,0.18,-2.1
8/28/2014,-0.47,0.01,-0.14,0.13,-3.16,-0.44,-0.06,-0.22,-0.26,0.55,-0.08,1.29
8/27/2014,-2.87,-0.135,-0.01,0.39,1.35,0.09,-0.4,-0.01,0.19,1.89,-0.47,0.1
8/26/2014,-0.23,-0.165,-0.01,0.08,7.81,-0.28,0.14,0.24,-0.14,-2.19,0.32,-0.56
8/25/2014,0.05,0.02,-0.13,-0.3,2.43,-0.07,-0.26,0.58,0.18,0.79,0.76,-0.55
8/22/2014,0.24,-0.07,-0.21,0.37,-1.32,-0.02,-0.02,1.07,0.14,0.07,0.12,1.01
8/21/2014,0.33,0.27,0.65,0.14,-2.87,0.74,-0.93,0.61,0.41,-0.21,-1.48,-1.28
8/20/2014,0.96,-0.38,0.16,-0.33,0.65,1.08,-0.15,1.14,1.14,0.59,0.55,-0.24
8/19/2014,0.11,0.22,-0.07,0.45,0.6,0.7,0.08,0.91,0.19,0.84,0.19,-0.04
8/18/2014,-0.07,0.32,0.24,0.91,0.9,0.35,0.32,0.59,0.67,0.72,0.21,0.3
8/15/2014,0.32,0.52,0.23,0.11,0.42,-0.54,-0.5,-0.39,-0.03,-0.34,0.36,-1.21
8/14/2014,0.095,0.19,-0.16,0.17,6.93,0.48,-0.2,1.37,1.8,-0.04,-0.86,0.01
8/13/2014,0.315,0.56,0.97,0.67,6.96,-0.2,0.29,-3.29,-0.82,0.11,0.2,1.54
8/12/2014,-0.43,0.32,0.11,-0.27,0.99,0.1,0.17,-0.36,0.1,-0.18,-0.03,-0.12
8/11/2014,0.18,0,0.42,-0.12,1.53,-0.18,1.29,-0.09,0.11,-0.02,-0.19,0.19
8/8/2014,0.55,-0.03,-0.08,0.25,5.35,1.04,-0.17,1.44,1.27,0.63,-0.05,-0.01
8/7/2014,0.04,0.49,-0.165,-0.13,-2.44,-0.47,1.66,-0.04,-0.28,-0.54,0.21,1.2
8/6/2014,0.48,-0.34,0.025,0.09,1.57,-0.06,-9.91,1.17,0.77,0.01,-0.22,-0.2
8/5/2014,-0.56,-0.29,-1.23,-0.835,-1.33,-2.67,-2.99,-0.94,0.22,-0.14,-0.64,-1.83
8/4/2014,0.56,0.51,0.305,0.915,6.59,0.85,1.58,0.69,0.18,0.53,1.26,-1.26
8/1/2014,-0.4975,-0.3,-0.145,-0.19,-5.93,0.26,1.76,0.1,0.02,-0.56,-0.54,-2
7/31/2014,0.6075,-0.4185,-0.46,-0.79,-9.52,-1.79,-2.12,-0.82,-0.02,-1.18,-0.87,-0.73
7/30/2014,-3.17,-0.3065,0.16,0.92,2.51,0.28,0.73,1.01,1.62,-0.02,0.67,-1.37
7/29/2014,0.06,-0.085,-0.04,-0.22,-0.41,0.8,-1.29,0.02,-0.29,-0.62,0.19,-0.38
7/28/2014,0.42,-0.53,-0.02,-0.22,-3.6,-0.09,-1.84,0.12,0.87,0.52,-0.09,-1.01
7/25/2014,-0.8,0.1,0,-0.05,-34.6,-0.6,0.21,-0.46,-0.74,-0.42,0.07,-2.02
7/24/2014,0.65,-0.47,-0.25,1.46,0.47,0.26,0.18,0.44,0.28,0.55,-0.31,5.05
7/23/2014,0.28,0.04,-0.2901,1.11,-2.7,1.35,0.04,0.5,0.16,0.02,-0.36,-0.83
7/22/2014,0.62,-0.005,0.7301,0.32,1.08,0.08,1.19,0.25,-0.65,0.75,0.72,-0.04
7/21/2014,-0.26,0.145,0.36,-0.05,1.1,-0.71,-0.3,-0.38,-0.09,0.04,-0.85,0.54
7/18/2014,0.47,0.16,0,0.12,6.206,0.29,1.79,0.47,0.77,0.53,0.61,2.54
7/17/2014,-0.55,0.45,-0.95,-0.58,-3.446,-0.42,-1.24,-0.44,0,-1.13,-0.38,-1.21
7/16/2014,-0.72,1.63,2.94,-1.82,1.46,-0.57,-0.17,0.38,0.3,0.98,-0.27,-1.08
7/15/2014,-0.74,0.31,0.22,-0.09,-0.88,0.53,0.1,-1.13,0.33,0.25,-0.38,-1.27
7/14/2014,0.64,0.05,0.24,0.27,9.12,0.18,-0.17,-0.28,-0.51,-0.43,0.15,0.84
7/11/2014,0.16,0.405,-0.01,0.5,18.28,0.07,0.13,-0.69,-0.56,-0.6,-0.6,0.55
7/10/2014,-0.51,0.015,0.37,0.08,-2.05,-0.12,-0.42,-0.67,-1.13,-1,-0.49,0.69
7/9/2014,-2.77,-0.11,0.1,0.32,6.16,0.25,0.83,0.31,0.18,0.34,0.55,-1.33
7/8/2014,-0.62,-0.21,-0.24,-0.99,-9.74,-0.19,-2.46,-0.32,0,-0.62,-0.63,-1.37
7/7/2014,-0.44,0.19,-0.11,-0.62,-3.942,0.48,-0.4,-0.4,0.07,-0.33,-0.98,-1.64
7/3/2014,0.49,-0.1,0.16,0.26,4.642,0.74,0.94,0.93,0.6,0.66,0.05,2
7/2/2014,0.16,0.03,0,0.53,0.46,0.4,-0.74,0.29,-0.81,0.47,-0.37,-2.83
7/1/2014,0.14,0.17,0.08,0.22,7.61,0.42,-0.35,0.64,0.48,-0.04,0.16,3.98
6/30/2014,0.31,-0.55,-0.03,0.88,0.21,-0.17,0.03,-0.65,-0.55,-0.03,-0.88,0.89
6/27/2014,1.36,0.53,0.15,0.59,-1.12,0.25,-0.13,0.6,0.21,0.72,-0.13,-1.61
6/26/2014,-0.72,-0.31,-0.1,0.41,-1.75,-0.19,0.04,0.07,0.25,-0.24,-0.57,2.5
6/25/2014,0.04,0.285,0.38,-0.227,3.28,-0.64,1.71,-0.47,-0.31,1.5,0.31,2.62
6/24/2014,-0.17,-0.245,0.27,-0.163,-3.08,0.28,-1.25,-0.28,0.27,0.49,0.47,-0.35
6/23/2014,0.03,0.31,0.03,-0.41,3.04,0.13,-0.81,0.59,0.41,0.26,-1.01,-0.32
6/20/2014,-1.07,0.17,0.11,-0.63,-2.8,-0.45,-0.85,0.07,-0.8,-0.61,0.75,1.03
6/19/2014,-0.12,-0.14,0.16,-0.26,-7.38,0.04,-0.69,0.32,0.17,-0.19,-0.03,-0.83
6/18/2014,0.74,-0.03,-0.02,0.51,8.76,0.53,2.98,-0.2,0,0.1,0.25,-0.98
6/17/2014,0.72,0.18,-0.06,-0.38,-2,0.43,-0.19,0.74,0.26,0.25,0.79,0.63
6/16/2014,0.51,0.27,0.14,-2.13,1.35,0.51,0.23,-0.17,0.65,0.12,0.06,3.26
6/13/2014,-0.83,0.65,1.91,0.16,0.36,-0.01,0.59,0.11,-0.13,0.2,0.34,3.91
6/12/2014,-0.69,-0.28,0.03,0.15,-9.29,0.16,-2.2,-0.7,-0.12,-0.39,-0.04,-0.32
6/11/2014,-0.04,-0.25,-0.31,0.32,2.79,0.22,-0.07,-0.89,-0.86,-0.66,-0.26,0.34
6/10/2014,0.05,-0.16,0.33,0.27,4.91,-0.74,-0.18,-0.35,-0.48,0.52,-0.34,0.22
6/9/2014,0.87,-0.21,-0.26,0.12,-2.17,-0.08,-0.11,-0.42,-0.49,-0.06,-0.03,1.41
6/6/2014,1.04,0.27,0.51,0.98,6.1,0.19,-0.57,0.44,0.51,0.36,0.17,0.46
6/5/2014,0.56,0.89,0.06,0.21,16.79,0.31,1.04,-0.81,-0.56,0.12,0.36,2.73
6/4/2014,0.27,0.03,-0.06,0.08,-0.41,0.39,3,0.18,0.35,0.49,0.49,0.79
6/3/2014,-0.7,-0.5,0.4,-0.22,-1.65,0.3,-0.45,-0.21,-0.38,0.6,0.05,-1.38
6/2/2014,-0.17,-0.15,-0.06,0.22,-3.71,-0.27,0.1,0.16,-0.16,-0.2,0.04,0.94
5/30/2014,0.07,0.6,0.36,-0.25,-1.23,0.88,0.8,0.73,-0.04,0.19,-0.66,-0.86
5/29/2014,0.65,0.33,0.08,0.12,3.62,0.54,1.3,0.56,0.52,0.53,5.51,-1.63
5/28/2014,0.21,-0.18,0.17,-0.34,-0.66,-0.43,-0.43,0.19,-0.34,-0.13,0.23,0.68
5/27/2014,0.59,0.07,0.421,0.1,-1.42,0.08,0.45,0.36,1.47,0.06,0.45,1.42
5/23/2014,1.56,0.02,0.139,0.32,7.33,-0.3,-0.04,0.44,-0.05,0.79,0.19,1.52
5/22/2014,0.45,-0.25,-0.05,0.34,-0.1,-1.21,0.98,0.81,0.18,0.87,0.59,0.66
5/21/2014,0.3,0.67,0.16,0.49,3.82,0.59,-0.03,0.29,0.35,0.69,-0.01,1.51
5/20/2014,-0.39,-0.07,0,-0.02,4.435,-1.68,-0.66,-1.59,-0.69,-1.46,-0.445,-0.95
5/19/2014,0.4,-0.08,0.22,0.48,-0.945,-0.35,1.77,0.03,-0.22,0.63,0.355,1.04
5/16/2014,0.06,0.23,-0.19,-0.39,2.51,0.46,-0.34,1.01,1.05,0.02,-0.63,2.31
5/15/2014,-0.94,-0.64,-0.32,-0.37,-2.43,-1.09,-0.5,-0.77,-1.82,-0.55,-0.03,-2.65
5/14/2014,0.12,-0.18,-0.12,-0.23,-7.02,-0.29,-0.96,-0.01,-1.86,-0.03,0.28,-0.04
5/13/2014,-0.54,0.45,0.08,-0.05,1.78,-0.08,0.22,0.45,0.29,-0.2,-0.79,-2.63
5/12/2014,0.54,0.43,0.07,0.69,10.62,0.51,0.69,1.04,0.85,0.33,1.54,1.83
5/9/2014,-0.05,-0.1,-0.04,-0.16,3.92,0.81,-0.03,0.38,0.89,0.41,-0.08,0.05
5/8/2014,-0.62,0.215,-0.03,-0.15,-4.39,0.19,-1.18,0.74,0.26,0.26,-0.39,0.44
5/7/2014,-1.86,0.365,0.17,-2.42,-4.67,0.49,1.09,0.13,-0.24,0.07,-0.32,0.43
5/6/2014,0.88,-0.37,0.03,-0.42,-12.67,-2.23,-1.07,-1.57,-1.5,-0.73,-0.5,-0.31
5/5/2014,-0.05,-0.26,-0.24,0.04,2.04,-2.14,0.99,-0.52,-0.38,-0.24,-0.56,0.11
5/2/2014,0.71,-0.31,-0.04,0.36,0.12,0.27,-0.57,0.26,0.48,0.13,0.22,4.21
5/1/2014,-0.28,-0.4,-0.24,0.56,3.76,-0.01,1.53,-0.5,0.45,0.09,-0.13,-1.7
4/30/2014,2.01,-0.11,0.21,0.12,3.75,-0.22,0.58,-0.67,-0.55,0.14,-0.05,0.47
4/29/2014,0.38,-0.36,0.15,1.84,3.8,-0.21,-0.13,0.08,-0.1,0.24,0.23,0.2
4/28/2014,0.47,0.96,0.07,-0.49,-7.25,0.92,0.8,0.45,0.76,1.17,-0.99,1.27
4/25/2014,-1.25,0.05,-0.49,-0.76,-33.32,-0.19,-0.77,-0.48,-0.05,0.19,-0.03,-2.47
4/24/2014,-0.62,0.17,0,-0.2,12.57,0.71,0.03,-0.07,-0.04,-0.08,-0.19,-1.19
4/23/2014,-0.1,-0.3,-0.09,-0.7,-4.74,0.42,0.01,0.6,0.53,-0.22,-0.87,-0.81
4/22/2014,-0.3,0.05,-0.11,-0.26,-1.55,0.56,1.25,0.19,-0.33,0.37,0.01,0.46
4/21/2014,0.34,-0.07,-0.09,0.02,5.96,-0.24,-0.62,0.5,0.31,-0.36,-0.85,-0.82
4/17/2014,0.35,-0.39,0.11,0.03,1.23,0.09,0.59,-1.83,-0.78,0.01,-0.01,-2.52
4/16/2014,0.39,0.65,0.16,2.14,7.6,0.43,0.15,1.08,0.61,-0.53,-0.59,1.41
4/15/2014,0.32,0.57,0.21,0.765,0.17,0.06,0.34,0.6,0.87,-0.7,-0.23,-1.56
4/14/2014,0.25,-0.029,0.3801,0.5766,4.18,0.52,1.41,0.08,0.03,0.19,0.65,-0.4
4/11/2014,-0.37,-0.151,-0.2451,-0.5316,-5.38,-0.77,0.86,-1.17,-1.03,-0.7,-0.24,-2.99
4/10/2014,-1.88,-1.11,-0.555,-1.47,-14.695,-1.54,-2.12,-0.77,-1.78,-1.15,0.04,-0.32
4/9/2014,0.33,0.65,0.07,1.04,4.735,-0.29,1.7,0.46,-0.3,-0.01,0.31,3.18
4/8/2014,1.13,0.02,0.425,0.76,9.31,1,-1.28,0.12,0.62,0.18,0.54,2.39
4/7/2014,-0.06,-0.07,0.325,-1.19,-5.24,-0.64,-0.95,-1.48,-1.64,-0.51,-1.29,-0.37
4/4/2014,-1.64,-1.14,-0.25,-1.5,-10.62,-0.58,-1.04,-0.86,-0.19,0.93,-0.25,-2.19
4/3/2014,0.45,-0.34,0.52,-0.88,-8.34,0.83,0.74,-0.04,-0.04,-0.03,-0.2,-1.64
4/2/2014,1.25,-0.07,-0.1,0.15,-1.03,0.32,0.52,1.13,1.04,0.42,0.38,-1.13
4/1/2014,0.39,0.43,0.176,0.59,6.625,0.06,-0.2,0.22,0.05,-0.03,1.09,1.9
3/31/2014,-0.31,0.69,0.194,0,-1.925,0.53,0.67,0.37,-0.2,0.34,1.06,0.66
3/28/2014,-0.45,0.94,0.31,0.31,-0.18,0.24,1.01,0.52,0.5,0.34,-0.41,0.91
3/27/2014,0.66,-0.43,-0.0672,0.14,-4.94,0.54,-0.58,0.31,1.15,-0.04,-0.34,1.35
3/26/2014,0.9,-0.55,-0.0828,-0.48,-11.3,0.14,-1.49,0.08,0.22,-0.42,-0.59,-1.02
3/25/2014,-0.49,-0.16,0.34,-0.75,2.86,-0.4,2.11,-0.4,-0.51,-0.16,-0.27,1.05
3/24/2014,-0.15,0.34,-0.05,-1.26,-8.77,0.01,-0.44,-0.56,-0.15,-0.61,-0.82,-0.31
3/21/2014,0.46,-0.17,-0.255,0.17,-8.35,-0.25,-1.75,0.27,0.88,1.12,-0.06,-3.5
3/20/2014,0.18,1.06,0.405,-0.84,-4.26,0.22,-0.33,0.15,0.2,0.09,-0.52,-0.18
3/19/2014,0.12,-0.28,0.2,-0.84,-5.54,-0.24,-0.37,-0.33,-1.02,-0.13,-0.47,-0.62
3/18/2014,0.97,1.5,0.12,0.34,3.73,0.05,-0.14,-0.02,-0.12,-0.13,-0.12,1.45
3/17/2014,1.18,0.35,0.2,1.51,1.3,0.31,0.27,0.32,0.93,0.31,0.42,-0.62
3/14/2014,-0.3,-0.19,-0.07,0.37,2.23,-0.37,0.14,0.37,0.43,0.41,0.42,0.18
3/13/2014,-1.58,-0.38,-0.19,-0.27,0.87,-1.37,0,-0.55,-0.68,-0.45,-0.02,-2.18
3/12/2014,0.66,0.25,0.03,-0.06,1.82,0.16,0.41,-0.18,-0.25,-0.23,0.15,-0.78
3/11/2014,0.29,0.2,-0.11,-0.49,-1.71,-0.22,-0.26,0.82,0.38,-0.27,-0.02,-2.16
3/10/2014,-0.49,-0.08,0.2,-0.6499,-1.53,0.41,-0.43,0.07,-0.41,0.44,0.23,-0.43
3/7/2014,-0.32,-0.25,0.01,-0.9601,-0.1,0.01,0.5,0.75,0.72,0.36,-0.01,-1.53
3/6/2014,-0.57,0.04,0.13,0.16,-0.21,0.14,-1.77,-0.02,-0.28,-0.1,0.53,-0.68
3/5/2014,-0.475,-0.3,-0.11,-0.13,8.47,-0.73,-0.61,-0.33,-0.88,-0.26,-0.28,-1.44
3/4/2014,1.375,0.63,0.11,1.38,4.12,-0.63,1.69,0.03,-0.22,-0.35,1.48,0.16
3/3/2014,-0.06,-0.53,-0.26,-0.42,-2.32,-0.58,-0.55,-0.24,-0.08,-0.48,0.22,-0.54
2/28/2014,0.11,0.45,0,0.2,1.97,1.88,-0.24,0,0.45,1.06,0.95,-0.69
2/27/2014,1.4,0.39,-0.04,0.85,0.33,0.17,1.68,-0.1,1.3,-0.25,-1.41,-0.2
2/26/2014,0.16,-0.07,0.18,0.36,1.48,3.98,-0.44,1.71,1.23,0.51,0.86,-0.82
2/25/2014,0.29,-0.15,-0.01,-0.16,6.54,0.37,0.43,3.19,1.26,0.14,-0.575,-0.41
2/24/2014,-0.27,-0.29,0.21,0.13,5.02,-0.1,0.2,-0.65,0.06,0.53,1.175,0.32
2/21/2014,0.41,0.23,-0.32,-0.5,-3.04,-0.38,-0.23,0.25,0.02,-0.2,-0.49,0.25
2/20/2014,-0.12,0.24,0.24,-0.02,2.42,-0.69,1.04,0.12,0.71,-0.04,0.16,-1.29
2/19/2014,4.51,0.09,-0.26,-0.495,-6.27,0.92,0.97,0.19,-0.5,-0.11,-0.31,-1.01
2/18/2014,1.09,-0.2,0.005,0.075,-3.7,0.33,-0.24,-0.25,0.39,0.21,-0.15,2.79
2/14/2014,-0.18,0.01,0.055,-0.29,0.15,-0.8,-1.61,0.26,0.14,0.1,0.5,0.37
2/13/2014,0.24,0.14,0.15,0.41,7.95,-0.09,0.97,0.32,-0.12,-0.21,0.32,0.52
2/12/2014,0.76,0.295,0.08,-0.39,-12.54,-0.19,1.22,-0.75,-0.33,-0.53,0.49,1.11
2/11/2014,0.74,0.375,0.18,0.74,0.92,0.63,3.55,0.66,0.51,0.18,-0.11,-4.24
2/10/2014,-1.01,0.24,0.085,0.53,-0.21,0.18,-0.31,-0.18,-0.12,0.69,-0.23,0.7
2/7/2014,0.4,0.38,0.215,0.99,6.49,0.47,1.74,0.55,-0.36,0.84,0.84,2.61
2/6/2014,1.09,0.36,0.47,0.75,8.14,0.79,1.37,1.19,1.72,0.59,-0.09,2.09
2/5/2014,-0.06,-0.53,-0.3,-0.17,-1.5,-0.05,1.9,0.38,0.74,0.34,-0.5,-1.79
2/4/2014,0.47,-0.13,-0.13,0.76,1.8,-0.29,0.38,0.06,-0.36,-0.29,-0.23,1.43
2/3/2014,-1.42,-1.36,-0.59,-1.108,-12.54,-1.23,-1.78,-2.29,-1.18,-0.47,-1.39,-3.2
1/31/2014,-0.75,0.98,-0.2,0.698,-44.32,-0.03,0.09,-0.71,-0.22,0.82,-0.36,0.69
1/30/2014,1,0.2,0.06,0.42,18.81,-0.22,0.76,0.52,0.88,-1.25,0.49,5.38
1/29/2014,-0.85,0.39,-0.22,-3.33,-10.23,-1,-0.52,-1.08,-1.11,-0.75,-1.11,-4.17
1/28/2014,0.38,0.24,0.18,1.57,8.15,0.18,-0.38,0.29,0.97,0.12,0.24,2.74
1/27/2014,0.06,-0.775,-0.09,-1.26,-1.32,-0.01,0.17,-0.24,-0.11,-0.42,-0.27,-0.01
1/24/2014,-0.99,0.75,-0.32,-1.48,-12.27,-0.93,-1.12,-0.63,-0.88,-1.05,-0.22,-1.26
1/23/2014,-0.45,0.125,-0.18,-0.79,-4.67,-0.33,-0.56,-0.33,-0.27,0.06,0.06,-0.6
1/22/2014,0.08,-0.24,-0.28,0.66,-2.51,-0.22,0.18,-0.18,-1.22,1.54,-0.01,0.81
1/21/2014,-0.09,-0.21,-0.26,-0.49,7.44,-1.04,-0.43,-0.67,-0.34,0.04,1.25,-0.17
1/17/2014,-0.29,-0.51,-0.69,-0.33,3.81,-0.57,-0.73,0.2,0.1,-2.4,-0.59,-0.21
1/16/2014,-0.12,0.13,-0.13,-0.73,-0.07,-0.75,0.4,0.23,-0.83,-10.74,-0.54,1.2
1/15/2014,0.76,0.98,0.16,-0.07,-1.67,-0.15,-0.51,0.05,-0.56,0.52,0.23,2.18
1/14/2014,0.9,0.8,1.01,1.15,6.56,0.21,-0.2,0.49,0.76,0.19,0.78,-0.18
1/13/2014,0.36,-1.06,-0.03,-1.24,-6.68,-1.12,-0.16,-0.58,-3.53,-0.95,0.88,-1.03
1/10/2014,0.18,0.51,0.22,0.31,-3.35,-0.72,-0.78,0.04,1.43,0.28,-0.33,0.26
1/9/2014,-0.53,-0.23,-0.12,-0.1,-0.91,0.65,1.78,3.96,0.38,-0.31,1.31,-0.82
1/8/2014,-0.28,-0.65,-0.155,0.1,3.89,-0.22,1.85,-0.34,-0.92,-0.54,1.47,0.48
1/7/2014,-0.73,0.28,0.125,0.99,4.4,-0.15,0.37,-0.97,0.06,-1.03,-0.16,1.68
1/6/2014,-0.17,-0.78,-0.32,-0.19,-2.81,-0.43,0.32,-0.39,-0.82,-1.27,-0.5,-0.63
1/3/2014,1.63,-0.25,-0.01,0.53,-1.53,0.31,0.19,0.15,-0.13,0.18,0.08,2.94
1/2/2014,-1.24,-0.25,-0.165,-0.85,-0.82,-0.09,-0.81,-0.01,0.24,0.62,-0.95,-1.1
12/31/2013,-0.47,0.12,0.105,0.24,5.42,0.8,-0.4,-0.27,0.31,-0.13,0.76,0.15
12/30/2013,-0.01,0,0.25,-0.29,-4.71,0.32,0.41,0.97,0.5,-0.16,-0.23,-0.26
12/27/2013,0.57,-0.15,-0.1,-0.16,-6.31,-0.33,-0.24,-0.13,0.25,-0.87,-0.67,-0.64
12/26/2013,-0.1,0.36,0.27,-0.2,5.19,0.77,0.06,0.12,-0.13,0.82,-0.65,0.39
12/24/2013,0.06,0.46,0.11,0.08,-3.72,-0.17,0.07,-0.14,0.27,-0.39,0.17,-1.32
12/23/2013,0.11,-0.18,0.265,0.65,0.72,-0.61,-1.5,0.58,0.6,0.95,0.57,3.01
12/20/2013,0.33,0.55,-0.085,-0.08,7.01,0.34,2.1,0.04,0.33,-1.69,1.11,2.9
12/19/2013,-0.1,-0.33,-0.01,0.16,-0.77,-1.4,-0.4,0.09,-0.14,-0.61,-0.19,0.57
12/18/2013,-0.77,0.06,0.495,0.53,8.31,1.9,1.09,0.47,0.16,0.74,-1.13,-0.19
12/17/2013,0.06,-0.365,0.205,-0.22,-1.32,-0.52,-0.63,0.06,0.26,-0.51,0.35,-0.01
12/16/2013,-0.07,0.195,0.16,0,4.73,-0.19,-0.13,0.2,0.26,1.22,-0.41,-1.92
12/13/2013,-0.54,-0.53,-0.18,0.38,2.99,-0.53,-0.54,-0.24,-0.89,0.28,0,-1.04
12/12/2013,-1.08,-0.39,0.05,0.195,-0.94,-0.04,-0.13,-0.43,-0.43,-0.28,-0.18,0.59
12/11/2013,-0.75,-0.5,-0.4,-1.065,-5.59,-0.23,1.08,0.3,0.43,-1.03,-1.05,-1.69
12/10/2013,-0.07,-0.595,-0.11,1.35,2.89,-0.08,-0.06,-0.41,-0.02,0.18,-0.48,0.9
12/9/2013,0.19,0.345,0.11,0.01,-2.06,-0.14,-0.05,0.36,0.29,0.31,-0.13,-2.26
12/6/2013,0.95,0.36,0.56,-0.01,2.46,0.75,0.6,0.29,-0.34,-0.55,0.4,-0.14
12/5/2013,0.72,-0.94,0.52,0.74,-1.47,-0.68,-1.46,-0.5,0.66,-1.2,-0.01,-2.53
12/4/2013,-0.64,0.63,0.19,1.57,1.3,0.49,-1.14,-0.77,-0.87,0.8,-0.08,0.38
12/3/2013,-0.57,-0.14,-0.15,-0.45,-7.64,0.09,-0.39,0.37,0.05,0.92,-1.56,0
12/2/2013,-0.19,0.32,-0.14,0.03,-1.32,-1.2,-0.1,-0.82,-0.08,0.53,-1.68,-0.01
11/29/2013,-0.18,0.53,-0.06,0.02,6.91,-0.48,-0.01,-0.28,-0.64,0.94,-0.04,-0.55
11/27/2013,-0.08,0.25,0.25,0.32,5.34,0.54,-0.33,0.6,0.03,-0.01,0.63,0.96
11/26/2013,0.48,-0.29,-0.1,0.35,4.73,0.11,-0.35,0.66,0.04,-0.11,-0.4,-0.13
11/25/2013,0.26,0.07,-0.12,-0.2,4.33,0.06,-0.61,1.02,0.7,0.36,-0.365,0.86
11/22/2013,-0.08,0.17,-1.36,0.19,3.39,-0.49,0.25,0.45,0.35,0.3,-0.315,-5.52
11/21/2013,0.3,0.32,0.67,0.68,6.35,-2.3,0.85,-0.15,0.09,0.36,1.05,2.2
11/20/2013,0.16,0.34,-0.14,0.99,-2.37,-0.14,0.81,0.55,0.87,-0.07,0.15,-3.41
11/19/2013,0.47,-0.46,0.1,-0.345,-1.24,0.18,-1.53,-0.06,0.15,-4.78,0.05,-4.61
11/18/2013,-0.54,-0.641,0.08,-0.495,-2.99,-0.44,-0.16,-0.62,-0.26,-0.13,-0.08,-1.11
11/15/2013,1.44,-0.18,0.135,-0.22,1.774,0.22,0.16,0.41,0.4,0.36,1.03,0.09
11/14/2013,0.44,-0.134,-0.215,0.585,11.176,-0.2,-0.47,0,-4.71,-0.66,-3.17,-1.49
11/13/2013,0.04,0.795,0.17,1.035,6.69,1.43,1.11,4.35,0.66,0.22,0.72,1.62
11/12/2013,-0.05,-0.23,0.261,0.255,-4.848,-0.25,0.03,-0.74,-0.07,-0.56,0.83,-2.24
11/11/2013,-0.35,-0.19,0.079,0.695,4.068,0.58,-0.25,0.89,0.64,1.92,-0.12,3.98
11/8/2013,-0.1,0.28,0.031,1.01,6.75,0.29,0.5,0.22,0.49,1.52,1.64,4.67
11/7/2013,-1.6,-0.68,-0.186,-0.77,-12.62,-0.88,-0.64,-0.44,-1.52,-0.82,-1.26,-4.68
11/6/2013,-0.04,1.54,0.215,-0.09,-2.712,1.07,-0.46,0.26,0.33,-2.35,0.11,-3.23
11/5/2013,0.08,0.7,-0.225,-0.22,0.152,-0.59,0.15,-0.35,-0.74,0.78,-0.12,0.31
11/4/2013,1.3,0.415,-0.07,0.009,-0.262,0.6,-0.37,0.53,1.62,0.35,-0.23,2.7
11/1/2013,-0.14,0.12,-0.145,0.241,-5.028,-0.17,1.28,-0.15,0.05,0.13,-1.1,0.02
10/31/2013,-1.52,-0.135,-0.025,0.37,2.95,-0.92,0.12,-0.29,-0.16,0.07,0.31,-0.14
10/30/2013,0.2,0.02,-0.028,-0.599,-1.62,1.39,-0.64,0.27,-0.08,-0.19,-0.08,-2.56
10/29/2013,0.27,-0.05,0.163,0.819,4.54,-0.56,0.35,0.69,1.28,0.05,0.92,0.23
10/28/2013,-1.1,-0.16,0.125,0.1,-5.23,0.81,0.22,0.55,1.02,0.1,-0.29,0.17
10/25/2013,0.07,2.01,0.455,-0.83,31.18,-0.06,-0.06,-0.21,-0.18,0.03,0.1,-1.94
10/24/2013,0.06,-0.04,0.045,-0.02,5.454,-0.14,0.46,0.56,0.06,0.19,0.54,3.98
10/23/2013,-0.56,-0.82,-0.336,-0.84,-5.784,-0.85,0.1,-0.06,0.81,-0.53,-0.81,0.69
10/22/2013,0.29,-0.41,-0.064,-0.12,6.1,0.42,0.31,0.36,0.41,0.27,-0.07,-3.04
10/21/2013,0.18,0.03,0.26,0.629,-2.491,0.03,-0.21,-0.15,-0.29,-0.16,-0.22,4.18
10/18/2013,0.318,0.04,-0.045,0.686,18.161,-0.19,-0.17,-0.07,-0.03,0.15,0.52,1.11
10/17/2013,-0.168,0.28,0.225,-0.344,0.28,0.96,1.17,0.67,0.72,1.22,0.06,3.49
10/16/2013,1.49,0.15,0.305,-0.291,4.09,0.97,1.29,1.31,1.8,0.98,0.44,-0.98
10/15/2013,-0.44,0.04,-0.06,-0.62,-4.3,-0.72,-0.4,-0.1,-0.05,1.01,-0.82,0.87
10/14/2013,0.05,0.32,0.195,-0.15,-0.189,0.44,0.74,-0.06,0.04,0.35,-0.32,1.07
10/11/2013,0.05,0.37,0.155,0.28,5.715,-0.24,-0.04,-0.57,-0.39,0.26,-0.46,2.04
10/10/2013,1.5,0.69,0.51,0.86,6.944,0.76,0.99,0.85,0.53,2.74,1.45,3.19
10/9/2013,-0.01,0.06,0.11,0.08,-5,0.56,0.15,-0.09,0.54,0.59,0.67,-1.48
10/8/2013,-0.71,-0.29,-0.35,-1.21,-6.8,-0.55,-0.33,-0.54,-1.15,-1.34,-0.29,-4.38
10/7/2013,-0.35,-0.58,0.02,-0.75,-9.01,-0.73,-0.6,-1.08,-0.59,-1.14,0.2,-3.11
10/4/2013,0.065,0.02,0.21,1.015,4.28,-0.04,-0.17,-0.14,0.17,0.46,-0.07,2.56
10/3/2013,-0.135,-0.06,-0.285,-0.265,-5.75,-0.2,-0.57,0.24,-0.2,0.03,-0.37,-1.76
10/2/2013,0.89,0.34,0.055,-0.17,-0.44,-0.26,0.29,0.53,0.22,-0.29,-0.21,2.48
10/1/2013,1.12,0.3,-0.091,1.14,8.31,-0.07,2.44,0.17,0.57,0.45,-0.21,0.8
9/30/2013,0,0.01,-0.059,-0.38,-3.37,0.04,-0.71,-0.25,-0.28,-0.48,0.12,0.07
9/27/2013,-0.23,0.5,-0.43,0.8,-2.11,0.57,-0.22,0.2,-0.1,-0.55,-0.02,-0.72
9/26/2013,0.245,0.265,-0.29,1.41,5.47,0.13,-0.12,0.52,0.57,0.53,0.23,-1.79
9/25/2013,1.135,0.05,-0.005,0.07,-1.48,-0.67,-0.54,-0.78,-0.5,-0.3,0.47,0.63
9/24/2013,0.49,-0.285,0.085,1.01,2.64,-0.49,-0.84,-1.11,0.01,-0.59,0.3,-1.08
9/23/2013,-0.06,-0.051,-0.149,-0.665,-4.85,-0.15,0.71,0.07,-0.55,0.59,-0.54,1
9/20/2013,-1.37,-0.849,-0.146,-0.105,4.28,-0.84,-0.47,-0.83,-0.23,-0.8,-0.67,0.45
9/19/2013,0.25,0.32,0.015,0.595,0.026,-0.09,0.36,-0.13,0.46,0.05,-0.4,2.18
9/18/2013,0.31,0.39,0.16,0.435,7.864,1.1,0.71,0.53,0.49,0.1,0.36,0.09
9/17/2013,1.3,0.129,0.35,0.38,8.11,0.59,0.14,0.08,0.38,0.63,-0.07,0.81
9/16/2013,0.42,-0.229,-0.05,0.36,-1.86,0.03,1.32,0.27,0.26,0.04,0.4,2.49
9/13/2013,0.3,0.34,0.81,-0.39,-0.94,-0.33,0.17,1.17,-0.22,0.65,-0.02,-0.93
9/12/2013,-0.83,-0.05,-0.18,0.46,-0.78,-0.9,2.54,-0.61,-0.25,-0.27,-0.42,-1.74
9/11/2013,0.58,0.35,-0.175,-0.29,-0.72,0.26,0.08,-0.44,-0.63,-0.02,0.88,-1.34
9/10/2013,0.51,0.735,0.075,0.24,0.65,0.8,0.45,-0.82,-0.11,0.76,0.39,2.44
9/9/2013,0.37,0.503,0.24,1.07,3.85,0.64,0.76,0.32,0.06,0.14,0.52,1.43
9/6/2013,-0.42,-0.083,0.07,-0.06,1.76,-0.17,-0.73,-0.94,-0.37,-0.47,0.72,-0.54
9/5/2013,-0.11,0.04,-0.035,0.16,0.46,-0.09,0.7,1.22,1.31,0.35,-0.07,-1.76
9/4/2013,0.84,-0.685,0.568,0.29,4.84,-0.04,0.75,0.52,0.05,0.15,-0.04,2.2
9/3/2013,0.69,-1.52,0.087,0.66,7.82,0.28,0.67,-0.15,0.09,0.99,0.5,1.46
8/30/2013,-0.46,-0.15,-0.08,-0.18,-3,0.16,0.49,-0.18,0.43,-0.35,-0.42,-0.76
8/29/2013,1.72,0.53,-0.225,0.19,2.4,-0.12,0.51,0.29,0.64,0.54,0.61,0.88
8/28/2013,-0.22,-0.24,0.094,0.109,0.65,0.01,-0.18,0.85,0.4,0.79,0.15,1.34
8/27/2013,-0.69,-0.89,-0.084,-0.704,-5.28,-0.87,-1.57,-0.69,-0.54,-0.79,-0.76,-2.29
8/26/2013,-0.18,-0.6,-0.165,-0.285,-3.8,-0.22,0.03,-0.63,-0.62,0.73,-0.54,0.76
8/23/2013,-0.04,2.36,0.18,0.09,0.28,0.11,0.2,-0.16,-0.56,-0.12,0.46,0.27
8/22/2013,0.36,0.78,0.09,0.84,5.16,-1.26,0.17,0.02,-0.22,1.45,2.45,0.83
8/21/2013,1.83,-0.01,-0.353,-0.06,-2.52,-2.45,-0.34,-0.68,-0.44,-1.05,0.11,1.51
8/20/2013,0.38,0.227,0.243,0.21,1.52,-0.29,0.24,0.66,0.66,4.07,0.81,1.95
8/19/2013,0.29,-0.407,0.365,-0.41,0.75,-0.34,-0.32,-0.04,-0.71,0.36,0.14,0.93
8/16/2013,-0.5,0.01,-0.115,0.178,-1.65,-0.5,-0.52,-1.31,-1.24,-0.44,0.08,-0.06
8/15/2013,-0.59,-0.56,-0.54,-0.908,-4.87,-0.96,-1.1,-0.03,2.67,-0.86,-0.26,-1.15
8/14/2013,-0.16,0.12,0.05,-0.29,-2.63,-1.15,-0.08,-2.17,0.01,0.81,-0.25,-1.6
8/13/2013,-0.47,-0.64,-0.12,-0.01,-2.72,0.43,0.35,0.39,-0.39,0,0.02,0.27
8/12/2013,0.62,0.17,0.13,0.67,-0.57,0.04,0.58,-0.41,0.53,0.23,-0.2,2.13
8/9/2013,-0.13,-0.19,0.06,0.2,1.52,-0.5,-0.28,0.29,-0.33,-0.4,0.33,1.35
8/8/2013,0.07,0.827,-0.25,0.09,-1.17,-0.46,0.2,0.4,0.06,0.59,0.31,1.24
8/7/2013,-0.3,0.483,-0.1,0.07,-3.84,-0.11,-0.55,-0.61,-0.73,-0.95,0.02,-2.59
8/6/2013,-0.44,-0.12,-0.124,-0.35,-0.24,-0.2,-0.72,-1.23,-1.5,0.15,-0.16,-4.47
8/5/2013,-0.14,-0.19,-0.296,0.02,-3.22,0.49,-0.02,0.21,-0.37,-0.06,-0.24,1.91
8/2/2013,-0.12,0.22,0.02,-0.31,-1.36,-0.08,-0.15,0.19,-0.6,0.59,0.41,3.48
8/1/2013,-0.14,-0.17,-0.135,-0.13,4.35,0.33,0.88,0.93,1.18,0.62,1.08,-2.56
7/31/2013,2.82,-0.01,-0.045,0.04,-1.19,-0.17,0.24,0.18,-0.02,0.75,0.39,1.76
7/30/2013,0.4,0.31,0.14,0.121,-3.69,-0.09,-0.61,-0.11,-0.31,0.48,-0.15,0.95
7/29/2013,0.03,-0.08,-0.02,-0.181,-5.91,0.05,-0.2,0.1,-0.08,-0.79,-0.36,0.93
7/26/2013,-0.38,0.23,0.2,-0.16,8.61,-0.36,-0.19,0.17,0.11,-0.28,0.04,-0.31
7/25/2013,0.3,-0.57,0.13,0.43,4.46,-1.5,-0.07,-0.3,-0.31,0.6,0.67,0.92
7/24/2013,-0.59,0.14,0.18,0.48,-2.12,0.07,0.07,-0.49,0.05,0,-0.87,-1.09
7/23/2013,-0.06,-0.19,-0.02,-0.5,-2.42,0.22,-0.25,-0.12,-0.06,-0.07,0.22,0.77
7/22/2013,0.86,0.61,-0.27,-1.25,-1.75,0.48,0.65,-0.12,0.74,0.43,-0.41,-0.39
7/19/2013,0.18,-4.04,-0.204,-0.55,1.12,0.13,0.07,-0.18,0.3,0.16,-0.58,-0.43
7/18/2013,0.17,-0.3,-0.906,0,-4.58,-0.19,0.81,-0.32,-0.48,0.27,0.05,0.13
7/17/2013,-0.08,-0.53,-0.1,2.78,1.82,0.54,0.47,-0.22,0.1,-0.6,-0.19,1.71
7/16/2013,-0.47,0.1,0.31,-0.46,0.3,-0.28,-0.01,-0.47,-0.56,-0.46,-0.27,-1.46
7/15/2013,0.59,0.5,0.04,0.11,-0.98,-0.21,0.51,0.79,0.01,-0.13,-0.07,0.11
7/12/2013,0.25,-0.015,-0.09,0.19,7.89,-0.01,0.06,-0.26,-0.42,0.35,-0.11,-0.54
7/11/2013,0.28,0.985,0.74,0.48,7.33,0.54,0.85,0.22,0.36,0.91,0.4,1.34
7/10/2013,0.61,0.35,0.115,-0.115,0.8,0.26,1.4,-0.9,-0.14,-1.26,0.07,-0.11
7/9/2013,0.21,0.025,-0.05,1.15,0.94,0.59,1.12,0.1,0.22,-0.29,0.37,-0.76
7/8/2013,-0.38,0.115,-0.875,-0.155,4.71,0.93,1.08,1.09,0.72,0.29,0.25,-1.35
7/5/2013,0.26,0.2,0.298,0.09,1.85,0.87,0.13,0.7,0.64,0.31,0.38,0.51
7/3/2013,-0.12,0.07,0.042,0.6,0.3,-0.18,-0.34,0.08,-0.36,0.73,0.03,1.41
7/2/2013,-1.1,-0.42,-0.166,-0.25,1.63,0.23,0.12,0.14,0.9,-1.05,0.5,-2.26
7/1/2013,0.13,-0.185,-0.344,0.11,4.41,0.47,0.14,0.26,1.06,2.41,0.5,0.86
6/28/2013,-0.04,-0.075,0.18,-0.34,0.14,0.07,-0.7,-0.15,-0.17,-0.51,0.71,-1.41
6/27/2013,0.75,0.27,0.045,0.185,-0.02,-0.33,-0.11,0.42,-0.45,0.56,1.17,1.09
6/26/2013,0.51,0.68,0.125,0.33,5.482,-0.01,-0.21,1.15,0.53,0.54,0.04,0.67
6/25/2013,0.39,-0.045,0.3,0.89,1.478,0.84,-2.83,0.44,0.77,0.42,0.45,3.22
6/24/2013,-0.13,0.45,-0.615,-1.125,-2.75,-0.54,-0.66,-0.72,-0.76,-0.45,-0.15,1.4
6/21/2013,0.45,-0.225,0.01,-0.16,-0.08,0.17,0.37,0.04,0.03,0.18,-0.49,-1.01
6/20/2013,-0.72,-1.1,-0.815,-0.89,-4.72,-0.22,-1.89,-1.51,-1.23,-1.07,-0.92,-2.86
6/19/2013,-0.8,-0.39,-0.465,-0.42,-3.6,-1.28,-0.67,-0.99,-0.65,-0.4,-0.08,1.34
6/18/2013,0.82,-0.02,0.365,0.12,3.7,0.3,0.52,0.51,-0.31,0.65,0.69,3.07
6/17/2013,1.22,0.6,0.18,0.26,4.07,0.83,0.2,0.33,0.6,0.54,0.07,2.31
6/14/2013,-0.89,-0.315,-0.07,-0.09,-1.8,-0.56,0.11,-0.28,0.24,-0.69,-0.03,1.78
6/13/2013,0.52,-0.285,0.53,0.48,4.12,0.16,0.73,0.7,0.71,0.68,-0.11,1.95
6/12/2013,-0.26,0.16,-0.25,-0.51,-3.11,-0.57,-0.2,-0.5,-0.07,-1.01,-0.15,-1.4
6/11/2013,-0.55,-0.63,-0.3,-0.34,-6.29,0.12,-0.11,-0.37,-0.44,-0.15,-0.65,-1.33
6/10/2013,0.06,-0.2,0.42,-0.3,4.2,-0.48,0.23,0.32,-0.25,0.68,0.05,-0.41
6/7/2013,0.51,0.71,-0.06,0.83,9.04,0.1,1.18,0.22,0.62,-0.32,0.01,2.15
6/6/2013,0.38,0.18,-0.05,0.46,0.66,0.09,-0.39,1.03,0.37,0.59,0.09,2.89
6/5/2013,-0.81,-0.21,-0.66,-0.51,1.47,-1.34,0.6,-1.03,-0.88,-0.31,-0.98,-1.48
6/4/2013,-0.19,-0.6,0.12,-0.13,-1.18,0.46,-0.47,-0.36,0.42,0.04,0.91,0.04
6/3/2013,0.02,0.69,0.96,0.09,-2.32,1.55,0.74,0.41,0.02,-0.19,-1.15,-2.28
5/31/2013,-0.69,-0.13,0.07,-0.03,2.37,-0.32,-1.25,-0.85,0.29,-0.19,0.91,-0.17
5/30/2013,0.51,0.15,-0.06,0.52,1.3,0.4,-0.53,0.34,-0.42,0.7,0.72,1.91
5/29/2013,-0.39,-0.14,0.19,-0.26,-1.76,-0.09,-0.69,-0.57,-0.09,0.31,0.35,-0.59
5/28/2013,0.38,0.751,0.157,-0.26,5.55,-0.21,-0.54,0.21,-0.28,0.7,1.03,0.22
5/24/2013,-0.23,0.119,-0.127,0.31,-0.06,1.05,0.37,0.23,-0.23,-0.26,0.1,0.53
5/23/2013,-0.28,-0.46,-0.02,-0.52,-1.16,0.27,0.26,-0.02,0.06,0.64,0.26,0.84
5/22/2013,-1.04,-0.24,-0.08,-0.46,-5.9,-2.86,0.03,-0.43,-0.27,0.01,-0.63,-3.49
5/21/2013,0.01,-0.23,0.07,0.42,1.23,0.61,0.36,0.58,1.15,-1.17,-0.01,-0.12
5/20/2013,-0.22,0.21,0.04,0.06,-2.27,-0.41,0.14,0.18,-0.38,-0.09,0.09,0.99
5/17/2013,0.49,0.79,0.1,-0.06,5.78,1.06,0.5,0.79,-0.45,1,0.01,0.77
5/16/2013,0.51,0.235,-0.26,-0.76,-2.44,-0.39,-0.92,-0.69,2.35,-0.5,-0.08,-0.34
5/15/2013,0.38,0.315,0.36,0.7,-1.77,0.95,0.44,1.18,0.49,-0.34,-0.29,-2.1
5/14/2013,0.03,0.5,-0.24,0.25,3.82,0,0.52,0.51,1.02,1.43,0.57,-0.13
5/13/2013,-0.65,0.34,-0.42,-0.44,0.88,-0.3,0.35,-0.35,-0.73,-0.06,-0.07,-2.21
5/10/2013,0.79,0.03,0.14,0.59,3.47,0.26,0.91,0.78,0.69,-0.23,0.07,4.18
5/9/2013,-0.37,-0.33,0.11,-0.17,1.48,-0.32,-1.31,-0.19,1.21,0.09,-0.18,0.19
5/8/2013,0.16,-0.32,0.1,0.34,0.95,-0.75,-0.07,0.14,-0.66,-0.61,0.21,0.17
5/7/2013,0.26,-0.44,0.24,0.9,2.01,0.52,1.35,0.5,-0.58,-0.22,0.7,0.09
5/6/2013,0.47,0.26,-0.05,0.1,-2.33,-0.47,-0.18,-0.23,-0.07,-0.18,0.47,-0.55
5/3/2013,0.3,0.33,-0.15,0.1,5.5,1.31,-0.86,1.45,1.31,0.26,0.4837,2.63
5/2/2013,0.83,0.44,0.12,0.67,4.32,-1.35,-0.06,0.08,0.4,0.36,0.4463,1.74
5/1/2013,-1.4,-0.38,0.04,-0.43,-5.58,-0.02,-0.57,0.1,-0.46,-0.09,-0.58,-0.4
4/30/2013,-0.16,0.49,0.19,0.3,4.07,-0.08,0.09,-0.47,-0.26,1.79,-0.53,0.59
4/29/2013,0.52,0.82,0.36,-0.25,-5.07,0.12,0.15,0.44,-0.96,0.7,-0.58,0.99
4/26/2013,-0.59,-0.15,0.02,-0.52,-19.89,-0.15,-0.43,-0.15,0.27,-0.64,-0.56,1.74
4/25/2013,1.06,0.18,-0.28,0.45,5.92,0.96,0.65,0.89,0.51,0.37,0.06,-0.96
4/24/2013,0.66,1.16,0.285,0.37,-0.12,0.02,-0.57,-0.06,-0.21,-0.36,-0.04,0.12
4/23/2013,0.91,-0.23,0.495,0.43,5.35,0.59,-0.1,0.41,0.37,0.45,0.29,2.11
4/22/2013,-0.29,1.065,0.44,0.48,3.23,0.06,0.37,0,-0.1,0.43,0.02,0.74
4/19/2013,-0.43,0.975,0.2,0.209,0.9,0.75,0.64,0.6,0.48,0.28,0.16,0.95
4/18/2013,0.29,-0.035,0.31,-0.439,-7.98,-0.47,0.16,-0.67,-0.01,-0.41,-0.51,-2.21
4/17/2013,-0.59,-0.145,0.015,-0.09,-4.94,0.38,-0.51,-0.32,-0.11,-0.28,-0.22,-1.17
4/16/2013,0.04,0.28,0.535,-0.19,4.62,-0.1,0.44,0.51,-0.36,0.72,0.39,1.77
4/15/2013,-1.06,-0.1,-0.295,-0.71,-5.15,-1.01,-0.15,-1.01,-0.98,-1.15,-0.9,-3.74
4/12/2013,0.26,-0.145,-0.15,0.205,3.02,0.37,0.1,0.12,-0.5,-0.02,-0.07,-2.08
4/11/2013,0.06,-1.345,-0.435,0.285,5.08,0.26,0.56,-0.05,1.06,-0.71,-0.11,0
4/10/2013,0.75,0.67,0.51,0.37,3.63,-0.06,-0.2,0.69,0.44,-0.92,-0.35,5.11
4/9/2013,-0.11,1.02,0.66,0.35,2.19,-0.34,0.65,-0.32,-0.6,-0.22,-0.07,0.3
4/8/2013,0.17,-0.11,0.15,0.18,3.47,0.41,0.65,0.6,-0.14,0.51,0.15,0.57
4/5/2013,0.16,0.105,-0.195,-0.22,-3.6,0.06,0.42,-0.17,0.05,0.32,-0.01,-0.52
4/4/2013,0,0.035,0.085,0.14,0.05,0.81,0.29,1.17,1.06,3.48,0,-0.2
4/3/2013,-0.82,-0.24,-0.405,-0.4,-4.292,-0.85,-1.02,0.36,1.34,0.01,-0.95,-1.25
4/2/2013,1.65,0.19,0.025,0.28,1.712,0.17,0.35,0.4,0.17,-0.04,-0.1,0.68
4/1/2013,-0.45,0.005,-0.405,-0.029,-4.88,0.21,-0.71,-0.21,-0.59,-0.47,-0.52,-1.56
3/28/2013,0.08,0.235,0.005,-0.061,1.19,-0.6,0.44,0.11,-0.47,0,-0.25,-0.23
3/27/2013,-0.32,0.215,0.065,0,4.99,0.44,-0.33,-0.26,-0.13,-0.55,0.02,1.34
3/26/2013,-0.15,-0.005,0.615,0.21,4.29,0.2,1.38,-0.37,0.34,-0.5,0.31,2.07
3/25/2013,0.19,-0.09,-0.18,0.12,-1.73,-0.01,-0.3,-0.3,0.07,0.42,0.25,-0.89
3/22/2013,0.1,0.14,0.29,0.4,4.36,0.37,0.68,0.49,-0.11,0.32,0.31,-0.34
3/21/2013,-0.319,-0.205,-0.14,0.765,-3.888,-0.47,-0.21,-0.38,-0.33,-0.61,-0.12,1.55
3/20/2013,-0.141,0.135,0.04,-0.075,0.868,2.06,1.28,0.88,0.2,0.82,0.32,0.33
3/19/2013,-0.75,0.08,-0.12,0.16,-1.48,-0.3,2.31,0.09,-1.98,0.12,0.25,-1.58
3/18/2013,-0.2,0.065,-0.115,-0.06,-3.93,-0.04,-0.15,-0.2,-0.78,0.68,0.05,-0.05
3/15/2013,-0.34,-0.1,-0.275,-0.36,-3.92,-0.54,-0.14,-0.37,0.24,-0.05,-0.21,-1.62
3/14/2013,0.22,0.22,-0.005,0.09,-9.36,-0.09,-0.06,0.04,0.26,0.54,0.92,-0.61
3/13/2013,-1.02,0.005,0.015,-0.06,0.97,0.32,1.74,0.14,1.49,0.67,0.75,1.48
3/12/2013,-0.02,0.04,-0.05,-0.2,2.89,-0.23,-0.24,0.26,0.28,0.21,0.21,-0.66
3/11/2013,0.11,-0.13,0.11,-0.3,-2.95,0.99,0.64,0.04,0.39,-0.09,-0.14,0.08
3/8/2013,0.59,-0.14,-0.31,0.2,0.31,0.5,0.51,0.44,0.47,0.91,0.47,0.01
3/7/2013,-0.28,0.05,0.14,-0.1,0.09,-0.27,0.17,0.15,-0.08,0.51,0.68,-0.12
3/6/2013,0.04,-0.26,0.24,-0.15,-1.8,-0.56,-0.76,-0.64,-0.4,0.35,-0.03,0.3
3/5/2013,-0.15,0.2,0.24,0.25,2.48,0.24,-1.05,0.18,0.28,0.63,0.04,1.79
3/4/2013,0.27,0.2,0.24,0.76,7.37,2.31,0.45,0.86,0.22,0.61,0.01,-0.42
3/1/2013,0.78,0.15,0.15,0.635,1.47,1.17,0.38,-0.42,0.07,0.75,2.49,0.18
2/28/2013,-0.32,-0.01,-0.05,0.145,1.02,-0.16,-0.23,0.52,-0.51,-0.19,-1.64,0.08
2/27/2013,0.37,0.44,0.35,0.4,3.89,-0.93,0.37,0.99,0.97,0.14,0,1.02
2/26/2013,0.11,0,0.35,0.03,-0.51,1.16,0.16,1.07,0.13,-0.54,0.73,0.78
2/25/2013,-0.8,-0.39,-0.19,-0.49,-5.55,-0.71,-1.17,-0.56,-0.68,-0.02,-0.44,-0.9
2/22/2013,-0.02,0.27,0.17,0.39,-0.52,0.2,0.19,-0.25,-0.32,-0.39,0.09,-0.18
2/21/2013,-0.52,-0.38,-0.48,-0.09,-0.47,0.75,0.02,-0.18,-0.06,0.16,0.18,-1.19
2/20/2013,-3.7,-0.175,-0.355,-0.37,-3.34,0.78,-0.1,-0.92,0.09,-0.08,0.05,-2.1
2/19/2013,0.1,0.035,-0.03,0.275,4.66,0.16,0.55,1.31,0.14,0.46,0.18,1.9
2/15/2013,0.17,-0.03,-0.115,-0.165,-4.15,-1.38,-0.71,-0.42,-0.64,1.16,-0.22,-1.39
2/14/2013,0.41,0.01,-0.02,0.03,-0.23,0.4,0.38,-0.42,0.38,0.59,-0.11,-4.35
2/13/2013,0.88,0.15,0.06,-0.06,10.77,-0.04,-0.47,-0.15,0.54,-0.31,-0.07,10.82
2/12/2013,-0.19,0.02,0.16,0.31,1.49,0.06,0.47,-0.13,-0.05,-0.28,0.25,0.24
2/11/2013,-0.21,0.31,0.03,0.4,-4.74,0.18,0.08,0.32,0.1,0.42,0.18,0.56
2/8/2013,-0.08,0.267,0.19,0.18,1.72,0.19,0.09,-0.35,0.2,-0.29,0.77,1.43
2/7/2013,0.21,-0.057,-0.18,0.47,-1.99,-0.39,-0.13,0.79,-0.44,-0.33,0,-0.22
2/6/2013,0.25,-0.155,-0.1884,0.19,-4.67,0.29,0.11,-0.37,0.87,-0.02,0.48,-0.93
2/5/2013,-0.28,0.055,0.0184,0.32,6.91,1.55,1.32,1.13,0.17,0.17,0.28,-0.94
2/4/2013,-0.52,-0.49,-0.195,-0.42,-5.02,-0.3,-0.3,-0.79,-0.8,-0.35,0.11,-0.02
2/1/2013,0.61,0.48,0.315,0.13,-0.5,0.74,0.35,0,-0.28,-0.15,0.12,0.75
1/31/2013,-0.15,-0.4,-0.33,-0.49,-7.264,-0.57,0.09,-0.03,0.56,0.36,0.31,-0.38
1/30/2013,-0.54,-0.16,0.09,0.42,12.414,-0.36,-0.19,-0.41,0.21,-0.09,-0.14,0.16
1/29/2013,0.01,0.099,0.23,-0.61,-15.69,0.21,-0.04,0.56,0.42,-0.07,0.07,0.45
1/28/2013,-0.2,0.031,0.09,-0.06,-7.95,-0.41,0.43,0.65,-0.15,0.28,0.03,-2.1
1/25/2013,0.18,0.25,0.01,-0.07,10.37,-0.32,0.23,-0.26,0.35,0.44,-0.06,-0.45
1/24/2013,0.29,0.02,-0.16,0.33,5.51,0.82,-0.08,0.77,1.45,-0.06,1.69,1.32
1/23/2013,-0.59,0.46,-0.06,0.21,-2.08,-0.45,0.03,0.05,-0.25,0.01,0.08,-2.26
1/22/2013,-0.63,-0.1,-0.08,-0.12,-1.93,-0.04,0.28,-0.24,-0.13,0.51,0.365,-0.17
1/18/2013,-0.09,0,-1.43,-0.11,1.64,0.07,-0.15,0.35,0.38,0.26,0.015,0.34
1/17/2013,-0.22,0.21,0.57,0.06,1.55,0.14,-0.03,-0.36,0.66,-0.05,0.03,1.51
1/16/2013,-0.2,-0.17,0.23,0.55,-2.97,0.23,0.09,0.52,0.04,0.25,-0.07,3.22
1/15/2013,0.12,0.32,-0.119,0.09,-0.83,0.7,0.26,0.83,0.76,-0.06,0.12,0.82
1/14/2013,0.31,0.06,-0.001,0.14,4.79,0.32,-0.06,0.19,-0.03,0.27,-0.92,-0.23
1/11/2013,0.21,0.37,0.2,0.3,2.6,-0.24,0.53,-0.36,-0.48,2,-0.25,0.16
1/10/2013,0.09,-0.24,0.35,-0.34,-1.01,0.13,0.12,0.56,0.55,0.62,-0.18,-0.42
1/9/2013,-2.95,0.15,0.36,-0.33,-0.03,-0.46,0.28,-0.36,0.14,-0.23,0.13,1.04
1/8/2013,0.17,-0.14,-0.16,0.26,-2.0792,-0.66,0.14,-0.6,-0.16,-0.39,0.41,-0.78
1/7/2013,-0.01,-0.05,0.09,-0.46,9.3092,0.72,0.85,-0.29,-0.26,0.1,0.2,0.7
1/4/2013,0,-0.51,-0.16,0.08,0.67,0.42,-0.61,0.47,-0.12,0.12,0.31,-0.65
1/3/2013,-0.06,-0.37,-0.06,-0.3,1.17,1.34,-0.27,-0.84,0.14,0.18,0.12,-0.27
1/2/2013,1.4,0.9103,0.76,0.18,6.44,-0.35,1.05,-0.71,-0.77,-0.04,0.67,-0.3
12/31/2012,0.75,0.1597,0.39,0.4,5.69,0.6,0.47,1.66,0.7,0.56,0.46,1.57
12/28/2012,-1.315,-0.41,-0.28,-0.1,-3.13,-0.36,0.01,0.28,-0.26,-0.22,-0.22,1.8
12/27/2012,0.605,0.1,-0.14,0.03,-0.3214,-0.28,-0.13,-0.05,-0.11,0.04,0.68,-1.66
12/26/2012,0.05,-0.2,0.01,-0.08,-9.9886,-0.33,0.19,-0.39,-0.81,-0.1,-0.09,0.31
12/24/2012,-0.41,-0.39,-0.125,0.3,1.7,-0.06,0.16,0.01,0.11,-0.1,0.47,0.08
12/21/2012,-0.36,-0.23,-0.2643,-0.3421,-4.58,-0.76,-1.24,-0.4,-0.44,-0.3,-1.06,-0.92
12/20/2012,-0.62,0.37,-0.0707,0.0921,3.51,-1.16,0.31,-0.86,-0.96,0.07,0.18,0.68
12/19/2012,-0.57,-0.25,0.14,-0.02,-2.41,-0.76,-0.31,-0.34,0.43,-0.22,0.01,1.18
12/18/2012,1.2,0.465,0.39,-0.07,6.54,1.19,0.41,0.4,0.13,-0.15,0.1,0.46
12/17/2012,0.74,0.285,0.0433,0.05,4.67,0.59,0.38,0.64,0.39,0.22,0.66,0.36
12/14/2012,-0.48,-0.3,0.0367,0.29,-2.06,-0.75,0.25,-0.15,-0.07,-2.07,-0.28,-0.69
12/13/2012,0.08,-0.13,-0.18,-0.03,-0.51,0.71,-0.16,-0.64,0.12,1.94,-0.42,-0.85
12/12/2012,-1.32,-0.08,0.02,-0.14,1.07,-0.89,0.02,0,0.25,0.07,0.03,0.69
12/11/2012,0.24,0.38,0.57,0.09,2.92,-0.53,0.3,-0.49,-0.16,-0.28,0.43,0.74
12/10/2012,0.46,0.485,-0.075,0.23,-5.4981,-0.32,0.25,-0.06,-0.43,0.4,-0.07,0.11
12/7/2012,-0.29,-0.27,-0.005,0,-0.1019,0.08,0.25,0.49,0.06,-0.37,-0.38,0
12/6/2012,2.28,0.055,0.31,0.31,-0.59,0.16,0.28,0.05,-0.12,0.28,0.2,0.59
12/5/2012,-0.19,0.3,-0.1194,-0.04,1.4719,0.05,1.3,0.6,0.42,-0.07,-0.32,-0.66
12/4/2012,0.02,-0.0594,0.4294,0.38,2.159,-0.31,-0.01,0.17,-0.04,-0.77,-0.68,-0.37
12/3/2012,0.99,-0.1856,-0.025,-0.22,-1.7209,-0.83,0.37,-0.6,-0.88,-0.19,-0.01,-0.48
11/30/2012,0.11,-0.335,0.035,-0.1,0.78,0.34,0.16,0.08,-0.37,0.16,-0.19,0.37
11/29/2012,0.04,-0.41,-0.56,-0.04,4.16,-0.02,0.43,-1.74,-6.13,-0.4,0.36,0.86
11/28/2012,0.85,0.28,0.16,-0.02,3.7083,0.24,0.29,0.73,-0.0067,0.46,-0.36,-0.63
11/27/2012,-0.5,-0.305,0.045,0.175,-0.2183,-0.205,-0.04,-0.23,-0.7533,0.41,0.88,0.37
11/26/2012,-0.22,-0.315,0.165,0.185,3.74,-1.705,-0.02,-1.87,-0.34,0.78,0.02,1.44
11/23/2012,0.56,0.75,0.36,0.17,1.85,0.76,0.46,0.72,0.28,0.13,0.13,-0.17
11/21/2012,-0.07,0.24,-0.1532,0.16,4.25,0.72,-0.09,0.24,-0.17,-0.39,0.22,0.3
11/20/2012,0.39,-0.0177,-0.7368,-0.12,4.07,-0.01,0.07,-0.16,-0.09,-1.79,-0.1,-0.03
11/19/2012,0.55,0.2068,0.06,0.5,4.48,0.51,0.49,0.75,1.2,0,0.73,1.89
11/16/2012,0.03,-0.1398,0.16,-0.03,4.631,0.06,-0.07,0.84,-0.16,-1.5,-0.47,0.3
11/15/2012,1.03,-0.1793,0.07,0.065,-2.351,1.06,-0.03,0.44,-0.04,-0.08,-0.23,0.14
11/14/2012,-0.28,-0.2495,-0.32,-0.025,-3.65,-0.71,-0.28,-0.18,0.12,-0.37,-0.93,-0.93
11/13/2012,-0.12,-1.1305,-0.485,0.34,0.13,0.11,-0.22,0.38,-0.07,-0.15,-0.09,-1.26
11/12/2012,-0.49,-0.61,-0.035,0.25,0.16,-0.04,0.1,-0.23,-0.48,0.55,0.8,-0.62
11/9/2012,0.6,0.02,-0.03,0.02,-1.04,0.2,-0.11,-0.08,0.11,0.04,0.15,1.23
11/8/2012,-0.8,-0.27,-0.08,-0.15,-4.7108,-0.97,-0.67,-1.44,-2.77,-0.21,-0.79,0.15
11/7/2012,-0.69,-0.78,-0.82,-0.07,-5.4992,-0.6,-0.5,-0.93,-0.79,0.52,-0.43,-0.54
11/6/2012,0.4,0.23,-0.1091,0.092,3.23,-0.01,-0.14,0.22,0.18,0.48,0.5,-0.35
11/5/2012,0,0.1302,-0.2209,0.258,1.9076,0.69,-0.81,0.55,0.38,-0.22,0.22,0.47
11/2/2012,-0.6,-0.0152,-0.2,0.16,0.2824,-0.23,-0.61,0.09,-0.44,-0.36,0.4,-1.27
11/1/2012,0.1,0.975,0.63,0.115,-0.7531,-0.81,0.27,2.45,1.71,-0.16,0.3,0.06
10/31/2012,-0.99,0.33,-0.32,0.045,-5.3469,-0.17,0.04,-0.41,0.94,0.25,0.11,-0.98
10/26/2012,-0.27,0.33,0.26,0.18,15.32,0.8,-0.14,-0.2,0.75,-0.21,-0.93,-0.28
10/25/2012,-0.03,-0.0219,0.23,0.06,-5.57,0.29,-0.12,-0.2,0.23,-1.75,0.34,6.03
10/24/2012,0.08,-0.1451,-0.13,-0.12,-5.82,0.19,0.06,-0.58,-0.35,0.05,-0.52,0.43
10/23/2012,-0.17,0.047,0.13,0.9,0.53,0.43,-0.94,-0.53,-0.66,-0.23,0.04,1.01
10/22/2012,0.45,-0.64,0.195,-0.07,-6.22,-0.02,0.54,0,-0.56,-0.15,-0.02,-1.11
10/19/2012,-0.82,-0.855,-0.405,-0.16,-4.85,-0.71,-0.32,-0.47,-0.69,-0.24,0.02,-0.86
10/18/2012,0.15,-0.095,-0.12,-0.09,-2.64,-0.1,0.28,-0.38,0.81,-0.1,-0.02,-0.87
10/17/2012,-0.37,0.1,-0.56,0.17,3.55,0.14,-0.54,0.37,0.36,-0.02,0.31,0.22
10/16/2012,-0.14,-0.02,0.62,0.24,-0.24,1.09,0.2,0.56,0.74,0.13,-0.12,0.78
10/15/2012,-0.06,0.31,0.2497,-0.2,1.82,0.29,0.23,0.5,0.29,-0.18,0.32,0.22
10/12/2012,-0.27,0.25,-0.1997,-0.04,-1.86,0.27,-0.16,0.18,0.26,-0.18,-0.03,-0.86
10/11/2012,0.38,-0.03,-0.08,0.09,-0.77,-1.41,0.47,0.23,1.02,0.04,0.68,0.38
10/10/2012,-0.66,-0.3,-0.14,-0.02,-5.97,-0.23,0.03,-0.63,-0.46,-0.04,0.65,-0.82
10/9/2012,-1.68,-0.5,-0.61,-0.18,-8.1,-1.1,-0.32,0.32,-0.47,-0.07,-0.2,-1.25
10/8/2012,-0.33,-0.07,-0.17,-0.06,0.55,-0.19,-0.21,-0.3,0.07,-0.12,0,-0.51
10/5/2012,0.16,-0.18,0.215,-0.18,-1.96,0.53,-0.24,-0.06,0.07,-0.37,-0.23,0.5
10/4/2012,0.89,0.17,-0.085,0.06,4.55,0.56,0.01,0.18,-1.31,0.64,-0.19,0.32
10/3/2012,0.11,0.2,-0.29,0.27,5.32,0.11,-0.55,0.81,1.3,0.79,-0.11,-0.44
10/2/2012,-0.21,0.17,0.085,0.115,-1.41,-0.01,-0.04,0.1,-0.88,-0.02,0.02,-1.09
10/1/2012,0.04,-0.27,0.1,-0.15,-2.31,-0.48,0.51,0.96,0.6,-0.21,0.6,0.06
9/28/2012,-0.25,-0.4,-0.43,-0.065,-2.27,-0.12,-0.16,0.11,0.22,-0.38,-0.09,0.81
9/27/2012,1.14,-0.005,0.44,0.43,6.92,-0.24,0.78,-0.24,-0.39,-0.01,0.17,-0.56
9/26/2012,-0.2,-0.225,0.11,-0.065,-2.79,-0.55,-0.25,0,0.21,0.66,-0.42,-0.16
9/25/2012,-1.04,-0.39,-0.26,-0.325,-2.345,-0.77,0.4,-0.06,-1.11,-0.68,-0.31,0.26
9/24/2012,0.15,-0.41,-0.33,0.265,-2.665,-0.29,0.56,-0.58,-0.53,-0.2,0.19,0.07
9/21/2012,0.13,-0.26,-0.0538,-0.055,-3.34,0.04,-0.44,-0.26,-0.25,-0.28,0,0.11
9/20/2012,-0.25,0.398,0.0288,-0.07,-0.87,0.39,-0.26,-0.39,-0.39,0.15,-0.5,0.48
9/19/2012,0.17,-0.123,-0.22,-0.045,2.93,0.73,0.15,0.54,0.38,0.28,-0.61,0.1
9/18/2012,-0.41,-0.035,0.06,0.225,0.75,-0.13,-0.04,-0.05,-0.22,-0.3,-0.32,0.06
9/17/2012,-0.15,0,-0.06,-0.09,-3.27,-0.26,-0.32,-0.69,-0.1,-0.62,0.84,-0.03
9/14/2012,1.03,0.275,0.015,0.175,1.03,-0.39,0,-0.04,-0.3,0.26,0.92,-0.11
9/13/2012,0.43,0.155,0.165,0.195,4.61,0.68,0.66,0.06,-0.07,-0.26,0.23,0.5
9/12/2012,0.7,-0.01,-0.15,0.24,-0.04,-0.1,0.25,-0.05,1.75,0,0.02,-0.01
9/11/2012,-0.06,0.07,0.08,0.05,-1.42,-0.32,-0.03,-0.72,-0.66,0.4,-0.24,-0.2
9/10/2012,-1.17,-0.23,-0.93,-0.11,-2.05,0.8,0.2,-0.47,0.15,-0.05,-0.01,0.11
9/7/2012,0.7782,-0.395,-0.905,0.11,7.76,-0.86,-0.26,0.11,-0.28,-0.01,0.17,1.14
9/6/2012,0.7518,0.955,0.705,0.02,5.16,1.13,-0.68,0.48,1.61,0.33,0.37,0.9
9/5/2012,0.14,0.005,-0.025,0.2,-1.66,-0.11,0.18,-0.35,-0.79,-0.11,0.2,-0.44
9/4/2012,-0.5,-0.435,-0.415,0.24,-0.39,-0.25,-0.06,-0.09,-0.21,0.28,-0.03,-0.67
8/31/2012,0.38,0.5,0.56,-0.02,2.05,-0.07,0.55,0.01,-0.57,-0.06,-0.07,0.29
8/30/2012,-0.69,-0.33,-0.398,-0.17,-0.9,-0.1,-0.09,-0.17,0.47,-0.41,-0.29,-0.53
8/29/2012,0.16,0.02,-0.332,0.12,1.01,0.45,-0.1,0.05,-0.05,0.35,0.69,-0.15
8/28/2012,0.22,-0.06,0.16,-0.13,2.19,0.45,-0.2,0.79,-0.19,-0.01,-0.02,0.15
8/27/2012,-0.22,0.13,-0.07,-0.07,-1.82,-0.33,-0.05,-0.12,0.04,0.56,-0.45,-0.94
8/24/2012,-0.22,0.305,-0.13,0.055,4.542,0.7,-0.01,0.83,1.05,-0.7,0.3,0.62
8/23/2012,-0.87,-0.285,-0.69,-0.055,-1.902,-0.69,0.11,-0.41,-0.04,0.29,-0.16,-0.98
8/22/2012,-0.07,-0.26,-0.38,-0.05,3.65,-0.45,-0.1,0.05,-0.21,-0.19,-0.09,-0.39
8/21/2012,-0.18,0.06,-0.12,0.01,-0.9,0.49,-0.38,0.44,-0.23,-0.25,0.02,-0.6
8/20/2012,0.66,-0.16,-0.1,-0.07,-0.82,-0.5,0.19,-0.11,-0.03,-2.11,-0.06,-1.4
8/17/2012,0.03,0.12,-0.26,0.04,-0.38,0.23,0.32,0.21,0.6,-0.14,0.47,-0.76
8/16/2012,0.18,0.58,0.32,0.23,4.13,-0.59,-0.04,0.2,0.33,1.05,-0.12,0.93
8/15/2012,-0.11,0.07,-0.21,0.03,4.23,1.12,-0.15,0.3,0.32,0.01,0.76,1.27
8/14/2012,-0.35,-0.26,-0.21,-0.29,0.75,0.87,-0.26,0.37,0.08,-0.13,-0.08,-1.19
8/13/2012,-0.37,-0.03,-0.19,-0.13,-0.31,-0.33,-0.2,-0.13,-0.37,0.27,0.21,0.41
8/10/2012,0.36,-0.08,0.18,-0.86,-1.31,0.15,0.08,-0.12,-0.42,0.02,-0.2,-0.89
8/9/2012,0.46,0.17,0.1,-0.16,-0.32,-0.25,-0.15,0.11,-0.64,-0.67,0.66,-1.07
8/8/2012,0.25,0.07,0.1,-0.05,-2.18,0.3,0.21,1.01,0.23,-0.04,-0.34,-0.23
8/7/2012,0.69,0.31,0.19,0.18,2.57,0.25,0.24,0.16,-0.19,-0.09,0.21,-0.31
8/6/2012,-0.22,0.2,0.08,0.07,-0.98,0.03,-0.01,-0.42,0.91,2.35,-0.37,-0.66
8/3/2012,-0.09,0.56,0.32,0.225,4.16,0.39,0.05,0.86,0.97,0.25,1.15,0.13
8/2/2012,0.98,-0.22,-0.02,-0.245,-1.28,1.35,-0.52,1.34,0.41,-0.68,0.3,-1.68
8/1/2012,0.76,-0.06,0.23,0.15,-1.21,-0.03,-0.09,-0.78,0.01,-0.02,-0.59,1.61
7/31/2012,0.05,-0.17,-0.06,-0.14,-2.79,-1.39,0.09,-0.82,-0.09,0.03,-0.02,1.56
7/30/2012,-0.08,-0.115,-0.26,-0.13,-1.23,0.52,0.55,0.12,0.54,0.3,-0.29,-0.83
7/27/2012,1.27,0.595,0.52,0.31,17.31,0.46,0.75,0.96,1.67,0.53,0.19,1.7
7/26/2012,-0.13,0.33,0.37,0.3,2.96,0.7,0.32,1.04,-0.26,-0.11,0.46,1.92
7/25/2012,0.47,-0.32,0.125,0.07,-5.99,-0.19,0.54,0.11,-0.19,-0.76,0.83,1.48
7/24/2012,1.19,-0.13,-0.255,-0.33,-2.97,0.11,0.19,-0.6,-0.75,-0.58,-0.92,-1.97
7/23/2012,-1.02,-0.835,-0.26,-0.155,-2.28,-0.93,-0.68,-0.57,0.04,0.45,-1.05,-1.2
7/20/2012,-0.42,-0.55,-0.54,0.19,2.12,0.12,-0.02,0.11,-0.6,-0.53,-0.75,-2.33
7/19/2012,-0.01,0.215,-0.15,0.025,8.7,-0.14,3.65,0.68,0.17,-0.09,0.29,-0.34
7/18/2012,0.83,0.79,0.83,0.1,0.54,0.13,0.27,0.62,0.21,0.03,0.08,0.11
7/17/2012,0.25,0.22,0.25,-0.045,0.92,-0.24,0.2,0.27,1.33,-0.08,-0.165,3.62
7/16/2012,-0.11,0.05,-0.12,-0.095,-2.38,-0.45,-0.08,0.28,0.04,-0.1,-0.175,0.39
7/13/2012,0.26,0.76,0.51,0.05,3.03,2.07,0.48,0.81,0.49,-0.02,0.87,-0.09
7/12/2012,-0.58,-0.67,-0.65,-0.11,-3.01,0.09,0.16,-0.32,-0.43,-0.35,-0.2,1.7
7/11/2012,-0.07,-0.44,-0.17,-0.02,-1.13,0.56,0.02,-1.44,-0.4,-1.77,-0.17,2.11
7/10/2012,-0.75,-0.26,-0.61,0.07,-5.55,1.19,0.22,0.39,-0.08,-0.04,-0.16,0.11
7/9/2012,0.08,-0.185,0.015,-0.03,0,-0.03,0.08,0.17,0.28,-0.41,-0.47,-0.01
7/6/2012,-0.54,-0.515,-0.395,-0.07,-2.01,0.92,-0.25,-0.24,0.72,-0.15,0.04,-1.05
7/5/2012,-0.72,-0.06,-0.31,-0.13,-2.47,-0.63,0.26,0.91,2.77,-0.01,-0.3,-0.82
7/3/2012,0.33,0.2,0.195,0.14,0.21,-0.49,-0.25,-0.53,-1.12,-0.45,0.46,1.68
7/2/2012,0.02,-0.03,0.015,0.01,0.97,0.08,0.28,-0.46,-0.11,1.24,0.4,1.33
6/29/2012,1.53,0.68,0.82,0.38,7.04,0.73,0.54,0.9,0.94,0.08,0.16,-0.63
6/28/2012,-0.49,-0.26,-0.39,-0.07,-4.31,-0.1,-0.38,0.31,0.99,1.08,0.11,-0.63
6/27/2012,0.41,0.15,0.215,0.175,0.01,-0.07,0.33,-1.06,0.19,0.43,-0.19,-0.42
6/26/2012,0.02,0.155,-0.045,-0.09,5.54,0.4,0.1,0.38,0.24,0.86,1.41,-1.86
6/25/2012,-0.16,-0.835,-0.885,-0.175,-2.09,-0.33,-0.58,0.04,-0.19,-0.68,-0.29,-1.59
6/22/2012,-0.42,0.565,0.225,0.095,1.585,0.16,0.42,-1.14,-0.46,-0.29,0.16,-1.6
6/21/2012,-0.94,-0.795,-0.93,-0.225,-2.445,-1.1,-0.06,-2.07,-0.92,-0.83,0.63,-2.54
6/20/2012,-0.6,0.23,0.13,0.09,-1.01,-0.2,-0.88,-0.18,0.27,0.08,0,2.16
6/19/2012,0.73,0.86,0.09,0.16,1.37,0.23,-1.87,0.56,0.71,0.43,0.31,-0.07
6/18/2012,0.43,-0.18,0.08,0.13,4.31,-0.03,0.16,0.55,-0.82,-0.23,0.02,0.09
6/15/2012,0.33,0.68,0.36,0,3.9,-0.05,0.13,0.24,0.71,0.22,-0.34,0.32
6/14/2012,-0.92,0.21,0.44,0.025,-0.28,0.5,0.79,0.76,0.45,0.41,0.13,0.18
6/13/2012,-1.14,-0.16,0.02,-0.135,-1.69,-0.11,-0.37,-1.86,-1.06,-0.64,-0.45,1.02
6/12/2012,1.315,0.395,0.535,0.17,-0.08,-0.54,0.03,0.56,0.47,0.54,0.2,0.12
6/11/2012,-3.575,-0.755,-0.425,-0.35,-1.98,-0.5,0.06,-0.85,-1.11,-0.48,-0.39,-0.02
6/8/2012,0.7,0.42,0.47,0.29,-0.32,1.88,0.18,0.72,1.11,0.28,0.07,-0.79
6/7/2012,-0.83,-0.12,-0.13,0,1.16,-0.18,0.02,-0.89,-0.2,-0.19,-0.48,-0.89
6/6/2012,-0.22,0.845,0.64,0.265,4.43,0.18,0.38,0.8,0.17,0.72,1.09,0.16
6/5/2012,0.54,-0.045,0.39,0.085,-1.36,-0.25,0.07,0.16,0,0.95,0.02,-0.74
6/4/2012,-0.02,0.1,-0.1,0.09,6.35,0.37,0.58,-0.43,-0.7,-0.08,0.51,1.45
6/1/2012,-1.36,-0.74,-0.7,-0.32,-4.69,-0.71,-0.59,-1.2,-1.12,-0.42,-0.9,-1.85
5/31/2012,-0.36,-0.15,-0.29,-0.01,3.68,0.12,-0.41,-0.25,-3,-0.48,0.34,1.27
5/30/2012,-0.58,-0.22,0.04,-0.22,-5.52,-0.34,-0.67,-0.69,-1.82,-0.08,-0.25,1.39
5/29/2012,0.71,0.5,0.35,0.11,1.86,0.51,0.24,1.23,0.15,0.11,-0.42,-0.03
5/25/2012,-0.53,-0.01,0.09,0.01,-2.35,0.37,0.1,-0.26,0.45,0.35,0.84,0.65
5/24/2012,-0.09,-0.04,0.21,-0.03,-2.04,0.47,-0.03,0.97,1.11,0.25,2.74,1.63
5/23/2012,-0.02,-0.65,-0.59,0.09,1.95,0.11,0.04,0.58,0.27,0.11,0.32,0.17
5/22/2012,0.04,0.01,-0.12,-0.29,-2.78,0.84,-0.1,0.19,0.9,0.29,-0.16,0.51
5/21/2012,0.81,0.48,0.08,0.16,4.26,0.37,0.04,1.04,0.57,0.15,0.38,0.01
5/18/2012,-0.7,-0.45,-0.12,0.55,-4.51,0.65,-0.56,-0.19,0.77,-0.42,0.06,0.22
5/17/2012,-1.07,-0.18,-0.305,-0.41,-5.7,-0.51,-0.91,-1.86,-0.42,-0.48,-0.45,0.1
5/16/2012,0.17,-0.31,-0.385,-0.12,-0.33,0.24,-0.1,0.28,-0.06,-0.2,0.08,0.2
5/15/2012,0.22,-0.47,-0.135,-0.1,1.46,0.16,0.03,0.33,-0.36,-0.44,0.13,-1.12
5/14/2012,-0.83,-0.48,-0.615,0.31,-4.75,-0.51,-0.39,-1.3,-0.92,0.28,-0.08,-0.26
5/11/2012,-0.2,0.42,0.39,-0.25,0.99,0.12,-0.81,0.15,-0.48,-0.66,0.2,0
5/10/2012,0.01,-0.02,0.05,0.14,3.71,0.03,0.12,-0.22,-2.2,-0.16,0.06,2.44
5/9/2012,-0.54,0.26,-0.18,-0.06,-0.92,-0.27,-0.16,-1.46,0,-0.02,-0.07,0.08
5/8/2012,-1.1,-0.15,-0.39,0.01,-1.26,-0.21,0.52,-0.78,0.65,-0.5,0.15,-0.95
5/7/2012,0.21,-0.33,-0.14,0.2,1.17,0.11,-0.08,-0.82,0.16,-0.2,0.06,0.26
5/4/2012,-1.32,-0.78,-0.66,-0.25,-5.46,-0.9,-0.19,-0.44,-1.2,-0.77,-0.08,0.84
5/3/2012,-1.2,-0.04,-0.62,-0.27,-0.8,-1.43,-0.31,0.28,0.56,-0.51,-0.03,-8.38
5/2/2012,1.84,-0.21,0.23,0.04,0.21,-0.03,-0.57,-0.17,0.35,-0.35,0.17,-0.79
5/1/2012,0.36,-0.005,0.555,0.09,-1.86,0.07,-0.34,0.42,0.21,0.38,0.29,1.55
4/30/2012,0.32,0.035,0.015,-0.03,5.05,-0.32,-0.61,-0.16,-0.67,-0.26,-0.37,0.79
4/27/2012,-0.47,-0.13,0.16,0.04,30.86,0.77,0.28,0.53,0.53,0.22,0.1,1.18
4/26/2012,1.61,-0.09,0.36,0.035,1.57,0.66,0.09,0.71,0.51,0.03,0.22,1.32
4/25/2012,1.17,0.28,0.55,0.065,4.09,0.1,0.06,1.12,0.42,0.38,0.11,0.66
4/24/2012,0.35,-0.2,-0.14,0.1,2.09,0.09,-0.16,0.06,-0.64,-0.05,0.36,0.25
4/23/2012,-0.39,-0.3,-0.15,-0.27,-1.74,-0.64,-0.53,-0.34,-0.48,0.28,-0.2,-0.5
4/20/2012,-0.27,1.41,-0.09,0.205,-1.12,0.49,0.3,-0.55,-0.07,-0.53,0.41,1.54
4/19/2012,-0.36,-0.13,-0.26,-0.095,0.03,-0.59,0.12,-0.48,-0.48,-0.06,0.06,1.46
4/18/2012,-0.11,-0.3,-0.52,0.48,2.68,-0.22,0.44,-0.05,-0.14,0.14,-0.09,-0.14
4/17/2012,0.69,0.365,0.065,0.225,2.89,0.21,1.77,0.17,0.4,0.07,0.17,0.45
4/16/2012,-0.32,0.265,0.315,-0.085,-2.96,-0.04,0.26,0.03,1.16,-0.19,0.1,-0.71
4/13/2012,-0.39,-0.165,-0.39,-0.185,-2.23,-0.5,-0.25,-0.35,-0.33,-0.2,-0.16,-1.36
4/12/2012,0.39,0.63,0.63,0.18,2.72,0.73,0.21,0.94,0.69,0.28,0,-0.87
4/11/2012,0.44,-0.125,0.4,-0.115,0.99,0.8,0.87,0.83,0.28,0.64,0.21,-0.67
4/10/2012,-1.04,-0.63,-0.31,-0.11,-4.89,-1.12,-0.35,-1.42,-1,-1.33,-0.34,-0.26
4/9/2012,-0.71,-0.42,-0.31,0.035,-2.52,-0.2,-0.28,-0.89,-0.37,0,-0.32,1.81
4/5/2012,-0.22,0.31,0.14,-0.205,0.4,-0.1,-0.46,-0.035,-1.66,-0.3,-0.06,0.29
4/4/2012,-1.07,-0.73,-0.18,0.09,-5.67,-0.06,-0.55,0.015,0.17,-0.6,-0.32,-3.34
4/3/2012,0.21,-0.35,-0.27,-0.275,1.61,-0.41,-0.31,0.65,0.31,-0.09,-0.04,0.07
4/2/2012,0.32,0.035,0.265,0.235,-4.46,0.02,0.67,0.51,1.47,-0.04,0.28,1.04
3/30/2012,-0.36,0.135,-0.045,-0.08,-2.1,0.29,-0.44,-0.2,0.25,-1.09,0.29,0.47
3/29/2012,0.02,-0.07,0.36,-0.02,3.45,-0.18,-0.82,-0.11,0.81,-1.85,0.1,1.2
3/28/2012,-0.48,-0.33,-0.39,-0.11,-4.28,-0.03,-0.05,-0.38,-0.16,-0.31,-0.12,0.17
3/27/2012,0.02,-0.07,0,-0.11,2.57,-0.67,0.43,-0.02,0.65,-0.44,-0.38,-0.96
3/26/2012,0.15,0.58,0.315,0.155,7.83,0.67,0.81,0.6,0.38,-0.14,0.39,0.76
3/23/2012,0.1,0.015,-0.02,-0.1,2.64,0.26,0.18,-0.22,0.05,0.55,0.08,0.42
3/22/2012,0.31,0.085,0.12,-0.025,0.67,0.36,-0.16,-0.41,-0.69,-0.18,0.09,0.15
3/21/2012,0.23,-0.08,0.025,0.1,-0.6,-0.44,-0.27,0.77,0.21,0.85,-0.19,-0.59
3/20/2012,-0.39,-0.21,0.01,0.26,6.81,-0.36,-0.25,0.08,-0.19,0.17,-0.29,-1.03
3/19/2012,0.49,-0.4,0.01,-0.03,0.47,-0.04,-0.15,-0.11,-1.65,0.6,0.24,-0.99
3/16/2012,-0.22,-0.25,-0.02,0.295,0.62,-0.34,0.44,-0.04,-0.75,0.32,-0.36,0.25
3/15/2012,-0.77,0.08,0.29,0.255,2.17,0.15,0.4,-0.14,-0.07,1.28,0.41,1.24
3/14/2012,0.31,0.1,-0.03,0.08,-2.33,0.12,0.12,0.34,-0.06,-0.67,0.06,1.34
3/13/2012,0.11,0.63,0.505,0.06,1.2,0.5,-0.38,-0.01,0.68,0.03,0.29,-0.14
3/12/2012,-0.05,0.05,-0.085,-0.14,-0.93,0.29,0.15,-0.09,0.33,-0.21,0.05,0.39
3/9/2012,0.08,-0.02,0.23,0.01,-3.32,0.46,0.7,0.37,1.19,0.22,0.29,1.05
3/8/2012,0.43,0.17,-0.07,0,3.87,0.59,-0.01,0.83,0.83,0.16,-0.07,2.25
3/7/2012,0.06,0.285,0.305,0.205,2.68,0.15,-0.08,1.19,-0.01,0.33,0.47,0.11
3/6/2012,-0.25,-0.245,0.065,-0.205,0.83,-0.21,-0.43,-0.96,0.11,-0.58,-0.07,0.75
3/5/2012,0.52,-0.275,-0.375,-0.1,0.96,0.11,0.61,-0.07,-0.28,0.33,0.14,-1.29
3/2/2012,-0.48,-0.215,0.055,-0.21,-0.74,-0.17,-0.08,-0.54,-0.47,-0.39,-0.42,-1.46
3/1/2012,-0.04,0.55,-0.02,0.1,0.35,0.07,-0.39,0.88,-0.81,0,-0.03,-0.75
2/29/2012,-0.61,-0.13,-0.36,-0.07,-4.11,0.68,-0.25,0.13,0.13,-0.84,-0.31,1.48
2/28/2012,0.27,0.52,0.35,0.04,5.27,0.7,-0.13,0.47,0.34,0.53,0,1.07
2/27/2012,-0.52,-0.13,0.19,-0.03,-0.6,0.09,-0.32,0.31,-0.23,0.02,-0.38,-0.8
