Index,IBM.Close,JNJ.Close,NKE.Close,PG.Close,WMT.Close,ibm_r,jnj_r,nke_r,pg_r,wmt_r
2017-02-01,174.289993,113.230003,53.02,87.330002,66.230003,-0.00131883280477485,-1.76589542450145e-4,0.00226582418944332,-0.00308690578401638,-0.00767086556261098
2017-02-02,174.580002,113.57,52.799999,87.760002,66.699997,0.00166256239262719,0.00299821208286133,-0.00415802908805762,0.00491176942912119,0.00707133015048544
2017-02-03,175.820007,113.639999,52.360001,87.410004,66.5,0.00707768347320759,6.16161282714245e-4,-0.00836821163257451,-0.00399610040264964,-0.00300296028225766
2017-02-06,175.860001,113.400002,52.799999,87.400002,66.400002,2.27445400719617e-4,-0.00211413925593273,0.00836821163257451,-1.14432808965503e-4,-0.00150486105893854
2017-02-07,178.460007,113.480003,52.810001,88.010002,66.889999,0.0146762960592834,7.0522744669077e-4,1.89413881827249e-4,0.00695516156562537,0.00735237757752927
2017-02-08,176.169998,113.400002,53.880001,88.330002,67.809998,-0.0129150991101028,-7.0522744669077e-4,0.0200587844472766,0.00362935628899397,0.0136601830211767
2017-02-09,177.210007,114.080002,55.310001,88.669998,69.080002,0.00588608290203219,0.00597856526720619,0.0261943719845736,0.00384176743696862,0.0185556350288412
2017-02-10,178.679993,115.239998,56.220001,87.970001,68.019997,0.00826094781932607,0.0101169186636998,0.0163188411791504,-0.00792573220427784,-0.0154635467560436
2017-02-13,179.360001,115.879997,56.09,88.309998,67.769997,0.00379850759149303,0.00553825415105624,-0.0023150397454037,0.00385747020112426,-0.00368216059372717
2017-02-14,180.130005,116.360001,56.450001,87.860001,68.660004,0.00428387529396801,0.0041336952087212,0.0063977647902167,-0.00510867890384237,0.0130472714069816
2017-02-15,181.679993,117.199997,56.639999,91.120003,68.690002,0.00856801907482296,0.00719300932462286,0.00336012341963432,0.0364327021331663,4.368110544819e-4
2017-02-16,181.429993,118.080002,56.290001,90.790001,68.870003,-0.00137699346832232,0.00748052624418882,-0.00619851448901709,-0.003628193664448,0.00261705577482729
2017-02-17,180.669998,118.860001,56.75,91.089996,69.370003,-0.00419771408376857,0.00658396056194288,0.00813873912043217,0.00329882644600854,0.00723382752663237
2017-02-21,180.259995,119.660004,57.360001,91.669998,71.449997,-0.00227192632537765,0.0067080830381574,0.0106915573636046,0.00634716531219226,0.0295433217449022
2017-02-22,181.149994,119.519997,58.240002,91.440002,71.709999,0.0049251588288115,-0.00117072510582616,0.0152252245039728,-0.00251210879747443,0.00363233156095522
2017-02-23,181.649994,121.699997,57.389999,91.129997,71.309998,0.00275634141729419,0.0180752790585954,-0.0147023835334572,-0.00339601577079041,-0.00559365195577222
2017-02-24,181.350006,122.730003,57.860001,91.050003,72.389999,-0.00165282682255175,0.0084278697106166,0.0081562621354534,-8.78186465484987e-4,0.0150316124973324
2017-02-27,179.399994,122.400002,57.689999,90.889999,71.739998,-0.0108109826342266,-0.00269245863522283,-0.0029424858963143,-0.00175886599417741,-0.00901971026530113
2017-02-28,179.820007,122.209999,57.16,91.07,70.93,0.00233847330456438,-0.00155351815082216,-0.00922947787310502,0.00197846845135885,-0.0113549690116903
2017-03-01,181.949997,123.860001,57.950001,91.660004,70.449997,0.0117755180856793,0.013411035316274,0.0137262339803499,0.00645768114078749,-0.00679027945269972
2017-03-02,180.529999,123.629997,57.799999,90.910004,70.760002,-0.00783494416080099,-0.00185869383066617,-0.00259182866472241,-0.00821607258718871,0.00439070179484435
2017-03-03,180.050003,123.790001,56.700001,90.5,70.029999,-0.00266235665239911,0.00129337986903533,-0.0192145300069031,-0.00452019942744553,-0.0103701901683086
2017-03-06,180.470001,123.709999,56.77,90.370003,69.879997,0.00232995775737166,-6.46480830596374e-4,0.00123378881224401,-0.00143746359515973,-0.00214426505271526
2017-03-07,180.380005,123.830002,56.549999,90.290001,69.870003,-4.98800057473048e-4,9.69564586863036e-4,-0.00388283230397146,-8.85663715909146e-4,-1.43026833875126e-4
2017-03-08,179.449997,124.099998,56.509998,90.139999,69.800003,-0.00516916358095365,0.00217800271634339,-7.07606628878032e-4,-0.0016627172261634,-0.00100236275297227
2017-03-09,177.179993,125.949997,56.360001,90.339996,69.860001,-0.0127304753998274,0.0147973028851176,-0.0026578734762257,0.00221627978063399,8.59200944759664e-4
2017-03-10,177.830002,126.209999,56.43,91.07,70.099998,0.00366192352622541,0.00206219936759311,0.00124122720748954,0.00804815563044503,0.00342951181684548
2017-03-13,176.460007,126.68,56.669998,91.309998,69.949997,-0.00773378753926046,0.00371704332320277,0.00424400290843607,0.002631847145115,-0.00214210728616138
2017-03-14,175.720001,127.050003,57.279999,91,70.720001,-0.00420243666455455,0.00291651170848439,0.0107065703048042,-0.00340078220799267,0.0109477742459472
2017-03-15,175.809998,128.960007,57.66,91.400002,70.580002,5.12030280330755e-4,0.0149215996597905,0.00661218701596678,0.00438599382509253,-0.00198158588589692
2017-03-16,177.240005,128.460007,57.599998,91.440002,70.440002,0.00810091946284341,-0.0038847067173986,-0.00104115923063386,4.37541016879095e-4,-0.00198553456279882
2017-03-17,175.649994,128.059998,57.799999,91,69.889999,-0.00901142998862792,-0.0031187378483386,0.00346622539767161,-0.00482353484197162,-0.00783874884012459
2017-03-20,175.699997,128.070007,58.68,91.220001,69.980003,2.84633565495795e-4,7.81556226110425e-5,0.0151101948974874,0.00241467572921295,0.00128696662809258
2017-03-21,173.880005,127.25,58.009998,91.190002,69.900002,-0.0104125432424382,-0.00642338866495606,-0.0114835782736229,-3.28918368259323e-4,-0.00114385195686406
2017-03-22,174.779999,126.260002,53.919998,90.989998,70.25,0.00516259960186538,-0.00781036665082269,-0.0731139454890957,-0.0021956754896415,0.0049946303617876
2017-03-23,174.820007,125.900002,55.369999,90.769997,69.860001,2.28878715606839e-4,-0.0028553318438842,0.026536483262491,-0.00242078690019376,-0.00556705452082706
2017-03-24,173.830002,125.480003,56.360001,90.57,69.610001,-0.00567909155458324,-0.00334154970525535,0.0177217919990058,-0.00220576910111081,-0.00358500414670182
2017-03-27,173.770004,125.800003,55.93,90.489998,69.660004,-3.45212885846991e-4,0.00254696088304751,-0.00765879594006336,-8.83707125705513e-4,7.18072813289616e-4
2017-03-28,174.509995,125.660004,56.619999,90.760002,70.32,0.00424940918602967,-0.00111348930698885,0.0122613531886531,0.00297935668662852,0.00942993101730494
2017-03-29,173.940002,124.919998,56.68,90.599998,70.739998,-0.00327159427928869,-0.00590636240209719,0.00105915280033031,-0.00176449097390208,0.00595490212786576
2017-03-30,173.860001,124.660004,56.040001,90.199997,71.589996,-4.60040257164174e-4,-0.0020834529366498,-0.011355675509277,-0.00442479716472466,0.0119441880295801
2017-03-31,174.139999,124.550003,55.73,89.849998,72.080002,0.00160918425529033,-8.82797673079416e-4,-0.00554713773175752,-0.00388780283890711,0.00682129751266292
2017-04-03,174.5,124.690002,55.560001,89.68,71.830002,0.00206517398451833,0.00112340725337123,-0.00305506569674208,-0.0018938122063421,-0.00347439711680053
2017-04-04,174.520004,124.68,55.040001,89.910004,72.010002,1.1462953293595e-4,-8.02181491366127e-5,-0.00940332409101075,0.00256143572170942,0.00250278210446631
2017-04-05,172.880005,124.800003,54.98,89.970001,71.650002,-0.00944163005499199,9.6202507465204e-4,-0.00109072905659247,6.67078058229187e-4,-0.005011843847047
2017-04-06,172.449997,125.050003,55.139999,89.400002,71.43,-0.00249041913392301,0.00200120134024306,0.00290590472289587,-0.00635558799300995,-0.00307523302076707
2017-04-07,172.139999,124.919998,55.110001,89.230003,72.900002,-0.00179922857439951,-0.00104016490940051,-5.44181419324552e-4,-0.0019033650177942,0.0203707172825727
2017-04-10,171.199997,124.339996,54.900002,89.489998,73.059998,-0.00547564722782568,-0.00465379973329672,-0.00381782109531414,0.00290952531286237,0.00219232754292076
2017-04-11,170.580002,124.220001,54.919998,89.800003,73.43,-0.00362803956860969,-9.65521489943555e-4,3.6415953780633e-4,0.00345814386982468,0.00505157747114371
2017-04-12,170.660004,125.400002,55.57,90.309998,73.440002,4.68889931186212e-4,0.0094544489663928,0.0117659428086663,0.00566316540103973,1.36202081831627e-4
2017-04-13,169.529999,124.989998,55.34,90.029999,73.150002,-0.00664340013565301,-0.00327492604693358,-0.00414751293304949,-0.00310523710378874,-0.00395661873813768
2017-04-17,171.100006,125.720001,56.240002,90.389999,73.489998,0.00921831955415886,0.00582350178270108,0.0161323087055063,0.00399069373417227,0.00463716051898011
2017-04-18,170.050003,121.82,56.110001,90.800003,73.889999,-0.00615568687028567,-0.0315126744752128,-0.00231421547927102,0.00452568789974528,0.00542817194073208
2017-04-19,161.690002,121.370003,55.860001,89.599998,74.07,-0.050411594974002,-0.00370078957226294,-0.00446548916608691,-0.0133040209874382,0.00243310475827307
2017-04-20,162.300003,121.870003,56.400002,89.330002,74.800003,0.00376555888376195,0.0041111716157296,0.00962061554607718,-0.00301789755681359,0.0098073330621844
2017-04-21,160.380005,121.760002,55.849998,88.620003,74.940002,-0.0119004624499945,-9.03016912674026e-4,-0.00979970426000243,-0.00797980047889624,0.00186989496617596
2017-04-24,160.75,122.889999,55.470001,89.550003,74.779999,0.00230433256288975,0.0092377276200164,-0.00682713761009701,0.0104395623838114,-0.00213736387715002
2017-04-25,160.389999,123.43,55.450001,90,75.050003,-0.00224202000324514,0.00438455559669038,-3.60620264265421e-4,0.00501250832270728,0.003604141876413
2017-04-26,160.059998,123.510002,55.16,87.739998,75.43,-0.00205961067089788,6.47946887106343e-4,-0.00524367890553989,-0.0254317973868181,0.00505047581271789
2017-04-27,160.320007,123.739998,55.470001,87.690002,75.440002,0.00162312911558793,0.00186043329697672,0.00560429916980532,-5.6998234456529e-4,1.3259097079743e-4
2017-04-28,160.289993,123.470001,55.41,87.330002,75.18,-1.87230592231913e-4,-0.00218435426113484,-0.00108226921564825,-0.00411382127160298,-0.00345242670030466
2017-05-01,158.839996,123.339996,54.990002,87.089996,75.230003,-0.00908724988646537,-0.00105348254611926,-0.00760869598928604,-0.00275204855212952,6.6488931380615e-4
2017-05-02,159.100006,123.699997,55.07,86.220001,75.519997,0.00163559197539431,0.00291451801355258,0.00145371638441816,-0.0100398398579236,0.00384735466283015
2017-05-03,158.630005,123.330002,54.529999,86.43,75.760002,-0.0029584951156183,-0.00299554935166846,-0.00985411267494962,0.00243265684732119,0.00317299316430919
2017-05-04,159.050003,123.949997,54.470001,86.449997,76.339996,0.00264415911689309,0.00501452848334072,-0.00110088084512805,2.31339662612129e-4,0.00762651964293415
2017-05-05,155.050003,123.510002,53.950001,86.5,76.5,-0.0254709721620907,-0.00355609363494747,-0.00959239951448776,5.78236510675012e-4,0.00209374591257827
2017-05-08,153.029999,123.25,54.299999,86.550003,76.120003,-0.0131136908267768,-0.00210732772014488,0.0064664982838587,5.77902346428516e-4,-0.00497965899308639
2017-05-09,152.110001,123.209999,54.889999,86.400002,76.720001,-0.00603002417043719,-3.24604402446305e-4,0.0108069558198598,-0.0017346173261048,0.0078513617701903
2017-05-10,151.25,122.809998,54.560001,86.489998,76.699997,-0.00566985298689016,-0.00325177918337882,-0.00603013247989104,0.00104107823620225,-2.60774349812642e-4
2017-05-11,150.649994,123.199997,54.240002,86.169998,76.129997,-0.00397487116205575,0.00317059741179548,-0.00588235135835635,-0.00370671115261878,-0.00745930334793954
2017-05-12,150.369995,123.639999,54.200001,86.190002,75.709999,-0.00186033546598097,0.0035650824271487,-0.00073775360951078305,2.3211882211438e-4,-0.00553212700492089
2017-05-15,151.509995,126.989998,53.77,86.330002,76.290001,0.00755270608770697,0.0267342182757524,-0.00796523607419841,0.00162300055049336,0.0076316423030951
2017-05-16,153.679993,127.769997,52.779999,86.239998,75.110001,0.0142208765404854,0.0061234216718713,-0.0185833786929797,-0.00104310144475672,-0.0155881621982887
2017-05-17,150.929993,126.669998,51.799999,86.260002,75.120003,-0.0180563661188868,-0.00864648541705915,-0.018742182168189,2.31930435822036e-4,1.33155824381781e-4
2017-05-18,150.779999,126.970001,51.68,85.870003,77.540001,-9.94292640843497e-4,0.00236558225109373,-0.00231927048607172,-0.00453145478448924,0.031707070303244
2017-05-19,151.979996,127,51.77,86.239998,78.769997,0.00792709277101,2.36240501014784e-4,0.00173997143946369,0.00429952434866721,0.0157382304903138
2017-05-22,152.639999,127.260002,51.57,86.209999,78.550003,0.0043332942262273,0.00204516706191171,-0.00387072285094225,-3.47915347340688e-4,-0.00279677273580337
2017-05-23,152.029999,127.519997,52.200001,86.080002,78.489998,-0.00400433793351862,0.00204093799568028,0.0121424059828135,-0.00150904897457682,-7.64200236094581e-4
2017-05-24,152.509995,127.510002,52.009998,86.5,78.150002,0.00315227166826126,-7.83829356887367e-5,-0.00364654471484416,0.00486729429015931,-0.00434112019847266
2017-05-25,153.199997,127.529999,52.349998,86.860001,78.309998,0.00451410284088904,1.56814617021439e-4,0.00651592978131443,0.00415322468162138,0.00204520076402748
2017-05-26,152.490005,126.919998,52.59,87.25,78.129997,-0.00464518480828957,-0.0047946722404788,0.00457408848910168,0.00447992246308093,-0.00230121561221353
2017-05-30,151.729996,127.110001,52.919998,87.400002,78.150002,-0.00499645374142421,0.00149591021674222,0.00625531385260603,0.00171774446224848,2.56014848186048e-4
2017-05-31,152.630005,128.25,52.990002,88.089996,78.599998,0.00591412551145787,0.00892862287709928,0.00132195279378111,0.00786366816881312,0.00574159153057163
2017-06-01,152.669998,128.779999,52.299999,88.129997,79.809998,2.6199148271111e-4,0.00412403029397801,-0.0131069022972219,4.53989357349194e-4,0.0152771108385332
2017-06-02,152.050003,130.080002,52.98,88.589996,79.620003,-0.00406928231497528,0.0100441468297978,0.0129181318935054,0.0052059762011698,-0.00238342957725557
2017-06-05,152.410004,130.360001,53.009998,88.739998,80.260002,0.00236485028902944,0.00215020046577141,5.66053427059732e-4,0.00169178414089544,0.00800603450663839
2017-06-06,152.369995,130.830002,52.48,88.800003,78.93,-2.62543476350352e-4,0.00359892416937235,-0.01004839263515,6.75960368895723e-4,-0.0167100060374725
2017-06-07,150.979996,130.75,53.23,88.769997,79.150002,-0.00916438944850118,-6.11682864765761e-4,0.0141900025488324,-3.37962496881339e-4,0.00278342787518682
2017-06-08,152.100006,130.550003,53.200001,87.849998,78.93,0.00739088749507477,-0.00153078482019353,-5.63732040074871e-4,-0.0104179294179989,-0.00278342787518682
2017-06-09,154.100006,131.529999,53.459999,88.160004,79.419998,0.0130635425488475,0.00747863675301996,0.00487527686060751,0.00352259890962614,0.00618881680022021
2017-06-12,155.179993,131.820007,54.029999,88.239998,79.239998,0.00698390709507102,0.00220245384942963,0.0106057373425394,9.06961503135406e-4,-0.00226900392995955
2017-06-13,154.25,132.020004,54.310001,88.059998,79.519997,-0.00601102557139921,0.0015160478317755,0.00516896111183129,-0.00204197466396927,0.00352732803138789
2017-06-14,153.809998,132.770004,54.66,88.440002,79.900002,-0.0028566013248339,0.00566488147603383,0.00642379004035254,0.00430600098762746,0.00476735318155797
2017-06-15,154.220001,133.039993,52.900002,89.379997,78.910004,0.00266209942839435,0.00203144423381829,-0.0327288038284856,0.010572531337302,-0.0124678645799152
2017-06-16,155.380005,134.350006,51.099998,89.660004,75.239998,0.00749360081239026,0.00979859745205491,-0.0346189186007213,0.00312787339952525,-0.0476250353723788
2017-06-19,154.839996,134.070007,52.02,89.860001,75.5,-0.00348146182511933,-0.00208627589597121,0.0178438019497906,0.00222813143016154,0.00344967840375521
2017-06-20,154.949997,134.220001,51.560001,89.629997,75.540001,7.10164996344353e-4,0.00111814835554824,-0.00888206255463908,-0.00256286287210283,5.2967426735151e-4
2017-06-21,153.789993,134.910004,52.59,89.400002,76.239998,-0.00751447493745516,0.00512766691957278,0.0197797901353867,-0.00256934734750036,0.00922390259066752
2017-06-22,154.399994,136.050003,52.400002,89.029999,75.519997,0.00395860879535359,0.00841456817985087,-0.00361935810631842,-0.00414732419742236,-0.00948875100032964
2017-06-23,154.110001,136.429993,52.849998,89.419998,74.839996,-0.00187995909441341,0.00278912398644682,0.00855104497835946,0.00437096808606263,-0.00904503415413505
2017-06-26,155.229996,136.339996,53.279999,89.360001,75.5,0.00724122263397842,-6.59874670198235e-4,0.00810333299007038,-6.71182487838706e-4,0.00878020829644566
2017-06-27,154.75,135.009995,52.950001,88.610001,76.010002,-0.00309695070543103,-0.0098029238613595,-0.00621291653020783,-0.00842843660701575,0.00673228063529674
2017-06-28,155.320007,133.820007,53.360001,88.370003,76.510002,0.00367663836700594,-0.00885314707111906,0.00771332941484104,-0.00271214986653412,0.00655654049385834
2017-06-29,154.130005,132.639999,53.169998,86.989998,75.93,-0.00769111533293554,-0.00885698181596073,-0.00356713044694779,-0.0157394329497844,-0.00760961415899164
2017-06-30,153.830002,132.289993,59,87.150002,75.68,-0.00194832502975117,-0.00264225428754639,0.10404315400467,0.001837648386668,-0.00329793848151905
2017-07-03,155.580002,132.899994,58.650002,87.739998,75.360001,0.0113119720647266,0.00460049101223703,-0.00594983470563903,0.00674707802847863,-0.00423728120587707
2017-07-05,153.669998,133.639999,57.560001,87.669998,75.32,-0.0123526485814125,0.00555268943329423,-0.0187597098077381,-7.98130155773791e-4,-5.30939748794701e-4
2017-07-06,152.360001,132.520004,57.16,87.370003,75.470001,-0.00856128487853258,-0.00841600238994822,-0.00697354633067615,-0.00342773414094122,0.00198953575812322
2017-07-07,152.940002,132.539993,57.98,87.650002,75.330002,0.00379955251929687,1.50826230017387e-4,0.0142437704318432,0.00319962553853781,-0.00185675115962436
2017-07-10,153.419998,131.550003,58.73,87.089996,73.230003,0.00313354480193695,-0.00749740355451678,0.0128525460409188,-0.00640961341012058,-0.0282732743476561
2017-07-11,153.190002,131.229996,58.18,86.769997,73.470001,-0.00150025141475307,-0.00243555186395827,-0.00940901646737302,-0.00368111554391248,0.00327195920338941
2017-07-12,153.699997,132.229996,58.220001,86.959999,73.940002,0.00332363694572013,0.0075913218910495,6.87302426650049e-4,0.00218732608217742,0.00637680731426027
2017-07-13,153.630005,131.860001,57.939999,86.699997,75.050003,-4.55484337711809e-4,-0.0028020390494552,-0.00482098041173451,-0.00299438212899439,0.0149006174953774
2017-07-14,154.240005,132.600006,58,87.099998,76.339996,0.00396271659095238,0.00559636173167544,0.00103503546444816,0.00460301171192423,0.0170423968670903
2017-07-17,153.009995,132.149994,57.790001,87.550003,76.370003,-0.00800661722312856,-0.00339952735328364,-0.00362724291270045,0.00515323210164986,3.92993262821051e-4
2017-07-18,154,134.460007,57.650002,88.639999,76.199997,0.00644935635751054,0.0173292134536354,-0.00242548622654404,0.0123731187193918,-0.00222856486021161
2017-07-19,147.529999,135.210007,57.77,88.349998,75.870003,-0.042921064262436,0.00556236804100241,0.00207932838599945,-0.00327703558891912,-0.00434003443121789
2017-07-20,147.660004,136.570007,59.099998,88.599998,76.019997,8.80822569084394e-4,0.0100081778041146,0.0227612807779307,0.00282565890920505,0.00197503520649978
2017-07-21,147.080002,135.309998,59.950001,88.610001,76.150002,-0.00393569068916477,-0.00926892745141927,0.0142800075829852,1.12894306947275e-4,0.00170868150732062
2017-07-24,145.990005,133.009995,58.950001,88.18,76.889999,-0.00743850957030379,-0.0171441517206334,-0.0168212542071817,-0.00486454941482695,0.00967071043337331
2017-07-25,146.190002,131.880005,59.389999,89.139999,78.519997,0.00136899874354146,-0.00853181965726169,0.00743620124300914,0.0108279763703099,0.0209775151629366
2017-07-26,145.360001,130.949997,58.360001,89.300003,78.900002,-0.00569372823696312,-0.00707690807257055,-0.0174951044003091,0.00179336517697593,0.00482792199893733
2017-07-27,145.070007,130.830002,58.150002,90.68,79.779999,-0.00199699816401022,-9.1676223441528e-4,-0.00360482743112644,0.0153353041622504,0.0110915807424199
2017-07-28,144.289993,131.850006,58.669998,90.209999,79.809998,-0.00539131800762505,0.00776617249575384,0.00890257549031404,-0.00519655105602634,3.75950885610266e-4
2017-07-31,144.669998,132.720001,59.049999,90.82,79.989998,0.00263015802118005,0.00657669511129644,0.00645603685977392,0.0067392510865032,0.00225281702920377
2017-08-01,145.300003,132.509995,59.84,91.099998,80.5,0.00434531840624164,-0.00158357687330568,0.0132898079576522,0.00307825664221095,0.00635558256691304
2017-08-02,144.449997,132.160004,59.790001,91.040001,80.529999,-0.0058671850793619,-0.00264473650453123,-8.35894048204722e-4,-6.58800949811855e-4,3.72588965203313e-4
2017-08-03,144.940002,133.350006,60.139999,90.860001,80.870003,0.00338647133613623,0.00896395558338625,0.00583672131449742,-0.00197911002500373,0.00421319081458371
2017-08-04,145.160004,133.179993,59.759998,90.669998,80.480003,0.00151673242072103,-0.00127575150036741,-0.00633865357515528,-0.00209335173724856,-0.0048342205765346
2017-08-07,143.470001,132.860001,59.790001,91.440002,81.279999,-0.011710648820273,-0.00240559435821552,5.01932260657867e-4,0.00845652175886968,0.00989122789925201
2017-08-08,142.110001,132.270004,59.459999,91.580002,81.589996,-0.00952454843982409,-0.00445063148468616,-0.00553463886609507,0.00152988770895757,0.00380668488806979
2017-08-09,141.770004,133.229996,59.900002,91.919998,81.610001,-0.00239535829631876,0.00723160966972358,0.00737273775846248,0.00370568271467064,2.45159319459454e-4
2017-08-10,141.839996,133.089996,59.07,91.739998,80.660004,4.93579220909091e-4,-0.0010513669052381,-0.0139533571912409,-0.00196014441416548,-0.0117089766984551
2017-08-11,141.839996,133.100006,58.970001,91.339996,80.400002,0,7.52094363392075e-5,-0.00169432434895622,-0.00436970340385567,-0.00322863797555417
2017-08-14,142.320007,133.479996,59.779999,91.650002,80.699997,0.0033784589773509,0.00285085343618352,0.0136422831576013,0.00338823214343442,0.00372433704063901
2017-08-15,142.070007,133.380005,58.560001,92.199997,80.769997,-0.00175814938704288,-7.49389225097374e-4,-0.0206192533982303,0.00598310191672358,8.67034210519257e-4
2017-08-16,142.5,134.169998,58.540001,92.440002,80.980003,0.00302205655323462,0.00590540300487863,-3.41588383482083e-4,0.00259970901724937,0.0025966753384985
2017-08-17,140.699997,133.039993,57.459999,92.07,79.699997,-0.0127120569103241,-0.00845785542700206,-0.0186212621983444,-0.00401064974208154,-0.0159326994951847
2017-08-18,139.699997,132.630005,54.950001,92.470001,79.309998,-0.00713269801005367,-0.00308644806379377,-0.0446653370997394,0.00433512110411094,-0.00490534927728703
2017-08-21,140.330002,133.449997,53.610001,92.860001,79.709999,0.00449956122683659,0.00616351916508062,-0.0246880625553101,0.00420871495680952,0.00503083701662721
2017-08-22,141.009995,134.699997,54.130001,92.790001,80.019997,0.00483396837549588,0.00932320777440054,0.00965294279024764,-7.54107218563504e-4,0.00388153004410619
2017-08-23,142.139999,132.800003,53.610001,92.440002,79.959999,0.00798170597277181,-0.0142058015119089,-0.00965294279024764,-0.00377907910027542,-7.50068812514826e-4
2017-08-24,142.940002,132.889999,53.84,92.269997,78.339996,0.00561249542028541,6.77451185700839e-4,0.00428104884378966,-0.00184077796464788,-0.0204682199477464
2017-08-25,143.740005,131.679993,53.900002,92.510002,78.629997,0.00558117104160694,-0.00914702704881076,0.00111382968422991,0.00259773932532337,0.00369499067184798
2017-08-28,142.509995,131.740005,53.73,92.470001,78.029999,-0.00859400922546083,4.55637396505892e-4,-0.00315901027997212,-4.32489998646091e-4,-0.00765991253696097
2017-08-29,143.139999,132.210007,52.73,92.32,78.769997,0.00441102772442026,0.00356129930198357,-0.0187869511983516,-0.00162347564407561,0.00943882031658028
2017-08-30,142.559998,131.070007,52.560001,91.870003,78.540001,-0.00406021563096548,-0.00866003543004457,-0.00322916034014842,-0.00488623582157643,-0.0029241137474374
2017-08-31,143.029999,132.369995,52.810001,92.269997,78.07,0.00329144178195051,0.00986940891473953,0.00474519245241911,0.00434446213897477,-0.00600220175002963
2017-09-01,144.080002,131.029999,53.360001,92.529999,78.370003,0.00731432327360881,-0.0101746969681153,0.0103608346933486,0.00281387637644492,0.00383537921252675
2017-09-05,143.039993,129.899994,53.009998,92.720001,79.800003,-0.00724445226103487,-0.00866141949747767,-0.00658088307701421,0.00205130436302259,0.0180823027050208
2017-09-06,143.820007,130.669998,52.759998,92.720001,80.080002,0.00543830385845556,0.00591016820814616,-0.00472724732937602,0,0.00350261793224238
2017-09-07,142.899994,132.190002,52.389999,92.970001,80.120003,-0.00641752339788138,0.0115652510257229,-0.00703757560909146,0.00269266140726909,4.99388259461497e-4
2017-09-08,142.449997,130.979996,52.200001,92.839996,78.879997,-0.00315400306452052,-0.00919568747015198,-0.00363320028683489,-0.00139933290256611,-0.0155978759795259
2017-09-11,144.860001,133.210007,53.029999,93.989998,79.080002,0.0167767257865004,0.0168822736610839,0.0157752582461068,0.0123108340319922,0.00253235133133511
2017-09-12,145.759995,132.630005,53.400002,93.510002,79.610001,0.00619363353828728,-0.00436354870685474,0.00695301112754398,-0.00511996851790819,0.00667970206846213
2017-09-13,145.990005,132.449997,53.52,93.550003,79.860001,0.00157676125212536,-0.00135814113710087,0.00224463240064132,4.27680953068332e-4,0.00313538849526651
2017-09-14,145.539993,134.179993,53.73,93.550003,79.68,-0.00308724563861329,0.0129769368979904,0.00391608892075679,0,-0.00225650088064633
2017-09-15,144.820007,134.449997,53.869999,93.269997,80.379997,-0.0049592745256577,0.0020102304357339,0.00260221338850464,-0.00299760421442219,0.00874673842199503
2017-09-18,144.550003,135.380005,53.5,93.150002,80,-0.00186615108011878,0.00689331561179252,-0.00689206422727384,-0.00128736205574498,-0.00473871702445638
2017-09-19,144.389999,135.220001,53.330002,94.169998,80.050003,-0.00110752415897952,-0.00118258695565121,-0.00318259178710667,0.0108905197654421,6.24842245419366e-4
2017-09-20,145.880005,133.220001,53.560001,94.400002,80.5,0.010266435157785,-0.0149011845664733,0.00430347737876735,0.00243945605410989,0.00560570750521716
2017-09-21,145.259995,131.75,53.189999,92.639999,80.010002,-0.00425919445824174,-0.0110957170699422,-0.00693214953992172,-0.0188200913076839,-0.00610553256561008
2017-09-22,145.130005,131.389999,53.240002,92.239998,79.529999,-8.95278822842016e-4,-0.0027361953786702,9.39641138950176e-4,-0.00432714875197515,-0.00601735546373572
2017-09-25,145.869995,131.169998,53.23,92.720001,79.150002,0.00508585288688401,-0.00167581546313578,-1.87883907984077e-4,0.00519035553841896,-0.00478948479967389
2017-09-26,146.559998,130.940002,53.700001,92.650002,79.389999,0.00471910745850668,-0.00175495829254935,0.00879087295212688,-7.55235498670181e-4,0.00302759154547871
2017-09-27,145.660004,129.75,52.669998,90.870003,79.290001,-0.00615972102855267,-0.0091296962411187,-0.0193670246137758,-0.0193990275965339,-0.00126037324473849
2017-09-28,145.660004,129.470001,52.630001,90.889999,78.949997,0,-0.0021603202516447,-7.59677156759508e-4,2.20026406917206e-4,-0.00429732719332154
2017-09-29,145.080002,130.009995,51.849998,90.980003,78.139999,-0.00398983805077968,0.00416213032114321,-0.0149314222635279,9.89761987768567e-4,-0.0103126258735351
2017-10-02,146.660004,131.220001,51.869999,91.769997,78.449997,0.0108316817394201,0.00926397942202506,3.85672981612295e-4,0.00864567902436253,0.00395936410874143
2017-10-03,146.779999,132.100006,51.470001,92.120003,79.220001,8.17850364379424e-4,0.00668394541089334,-0.00774143599088539,0.00380669337820194,0.00976736387872279
2017-10-04,146.479996,132.889999,52.080002,92.419998,79.089996,-0.00204598724522675,0.00596245386998095,0.0117819032093145,0.00325127628308053,-0.00164241086081507
2017-10-05,146.720001,133.190002,52.18,92.029999,79.410004,0.0016371422650856,0.00225498441068606,0.00191824340581137,-0.00422878381703828,0.00403796132257739
2017-10-06,146.479996,133.220001,52.419998,92.330002,79,-0.0016371422650856,2.25209262332271e-4,0.00458888003330093,0.00325453746122406,-0.00517650281158666
2017-10-09,147.389999,133.449997,51.52,92.120003,80.529999,0.00619325500517309,0.00172494887878916,-0.0173180779457849,-0.00227702992726631,0.0191819209226995
2017-10-10,148.5,133.899994,51.529999,91.620003,84.129997,0.00750283017880893,0.00336635451736367,1.94061137863244e-4,-0.00544248631616373,0.0437334125139017
2017-10-11,147.619995,136.649994,51.029999,91.459999,85.730003,-0.00594358777159787,0.0203296605787155,-0.00975046745439778,-0.00174791390637008,0.0188396717806256
2017-10-12,147.029999,136.830002,50.830002,92.150002,86.099998,-0.00400472968292398,0.00131642554211453,-0.00392690467391077,0.00751599852340856,0.00430653052063246
2017-10-13,147.100006,136.429993,50.98,93.040001,86.620003,4.7602760773735e-4,-0.00292768274197819,0.0029466281423165,0.00961181313889803,0.00602138221563298
2017-10-16,146.830002,136.119995,51.369999,93.139999,85.739998,-0.00183719979992958,-0.00227479836600963,0.00762092606459186,0.00107420785923118,-0.0102113325770183
2017-10-17,146.539993,140.789993,52,92.800003,85.980003,-0.00197708763275095,0.033732555854586,0.0121893935688662,-0.00365705469796485,0.00279530811647444
2017-10-18,159.529999,140.679993,52.299999,92.769997,86.220001,0.0849336050812033,-7.81610907531594e-4,0.00575263336899079,-3.23392792600963e-4,0.00278743495725564
2017-10-19,160.899994,142.039993,52.689999,91.589996,86.400002,0.00855103066360208,0.00962090094553059,0.00742931329184238,-0.0128012275851344,0.00208551804093204
2017-10-20,162.070007,142.399994,53.060001,88.25,87.440002,0.00724536715314628,0.00253129805004892,0.00699770231392138,-0.0371483559285997,0.011965167782952
2017-10-23,159.550003,143.619995,53.66,87.300003,88.650002,-0.015671012334105498,0.00853093102503522,0.0112444774412959,-0.0108231986035889,0.0137431883397392
2017-10-24,155.880005,141.639999,53.419998,86.980003,87.980003,-0.0232708589806716,-0.0138822676845276,-0.00448267475482522,-0.00367225554963735,-0.00758650506161729
2017-10-25,153.5,142.360001,54.939999,86.860001,88.480003,-0.0153859455192125,0.00507044748288621,0.0280564922228006,-0.00138060304072418,0.00566702166076016
2017-10-26,153.600006,141.809998,56.810001,87.5,88.620003,6.51292748819365e-4,-0.00387094829655954,0.0334707217061165,0.00734115474411379,0.0015810279437547
2017-10-27,153.679993,141.779999,55.959999,87.040001,88.169998,5.2061313503593e-4,-2.11565996186991e-4,-0.0150752522441966,-0.00527099876696635,-0.00509085320826319
2017-10-30,154.360001,140,55.27,86.269997,86.949997,0.0044150702366732,-0.0126341307643862,-0.0124068660822019,-0.00888591628266067,-0.0139335401177796
2017-10-31,154.059998,139.410004,54.990002,86.339996,87.309998,-0.00194541920491531,-0.00422316215196172,-0.00507887895519943,8.11065484919382e-4,0.00413177461812886
2017-11-01,154.029999,139.979996,55.07,86.889999,87.940002,-1.94741798740239e-4,0.00408026622854063,0.00145371638441816,0.00634999554344873,0.00718980557961046
2017-11-02,153.350006,139.929993,55.119999,86.510002,88.800003,-0.00442445245768219,-3.5727914327488e-4,9.07505288777699e-4,-0.00438290203131331,0.00973189728646506
2017-11-03,151.580002,140.080002,55.709999,86.580002,89.68,-0.0116093781082061,0.00107145471254455,0.0106470375194574,8.08827802860179e-4,0.00986109498199639
2017-11-06,150.839996,139.759995,56.040001,86.050003,88.699997,-0.00489390570624515,-0.00228707220496727,0.00590609323057745,-0.00614030759285811,-0.0109879232702426
2017-11-07,151.350006,139.770004,55.150002,86.980003,88.949997,0.00337542923894674,7.16130650744162e-5,-0.0160089573489595,0.0107496841391805,0.00281452489136935
2017-11-08,151.570007,141.320007,55.759998,87.580002,90.260002,0.00145253551590852,0.0110286289086581,0.010999948620019,0.00687444254933656,0.0146200361720332
2017-11-09,150.300003,140.350006,56.130001,87.779999,90.300003,-0.00841429390783777,-0.00688752646575974,0.00661371618563056,0.00228098865845539,4.43077088466026e-4
2017-11-10,149.160004,139.559998,56.09,88.160004,90.919998,-0.00761373459154768,-0.00564474357033884,-7.12903249646679e-4,0.00431971790868246,0.00684248334145199
2017-11-13,148.399994,139.759995,55.91,89,90.989998,-0.00510829182544814,0.00143202806236609,-0.00321428848169258,0.00948297895548578,7.69611401179482e-4
2017-11-14,148.889999,139.490005,55.98,88.870003,91.089996,0.00329648124907855,-0.00193368010117823,0.00125122904875408,-0.00146170822458291,0.00109839645594167
2017-11-15,147.100006,139.100006,56.630001,88.230003,89.830002,-0.0120951031551213,-0.0027998078851752,0.0115444136968907,-0.00722758627150366,-0.0139289673387113
2017-11-16,149.119995,138.869995,57.23,89.25,99.620003,0.0136386490112672,-0.00165493435744057,0.0105393386368124,0.0114943454236958,0.10344396025418
2017-11-17,148.970001,138,59.189999,88.43,97.470001,-0.00100636730297499,-0.0062845225491861,0.0336743553868768,-0.00923014207210482,-0.0218183291508867
2017-11-20,150.509995,137.929993,59.25,88.269997,97.480003,0.0102845438396244,-5.07425820158502e-4,0.00101318820735319,-0.00181101354213542,1.02610923863544e-4
2017-11-21,151.949997,138.339996,59.389999,88.720001,96.519997,0.0095220056755787,0.00296813492112236,0.00236006517467668,0.00508508926801898,-0.00989704985735962
2017-11-22,151.770004,137.289993,59.07,88.330002,96.410004,-0.00118525629184152,-0.0076189683356187,-0.00540266387077359,-0.00440553091412355,-0.00114023750942938
2017-11-24,151.839996,138.009995,59.32,88.449997,96.620003,4.61065190473953e-4,0.0052306841481391,0.00422333595058788,0.00135756328892178,0.00217581800997202
2017-11-27,151.979996,138.100006,59.630001,88.959999,96.620003,9.21598404288737e-4,6.51993791334071e-4,0.00521230263536498,0.00574943257293903,0
2017-11-28,152.470001,140.020004,59.580002,89.400002,96.769997,0.00321895502009628,0.0138071942543752,-8.38839051649387e-4,0.00493388528956817,0.00155120771577533
2017-11-29,153.550003,139.809998,60.360001,89.379997,97.559998,0.00705840448195882,-0.0015009544217941,0.0130066696134641,-2.23794610083594e-4,0.0081305549560069
2017-11-30,153.970001,139.330002,60.419998,89.989998,97.230003,0.00273151831215745,-0.00343910921469348,9.93492389992134e-4,0.0068016208804158,-0.00338821617127483
2017-12-01,154.759995,139.979996,59.880001,90.360001,97.349998,0.00511771278762296,0.0046542922059718,-0.00897756660540949,0.0041031718454807,0.00123337459754236
2017-12-04,156.460007,139.009995,60.099998,91.410004,97.010002,0.0109249334725812,-0.00695368966551779,0.00366723201179742,0.0115532227579687,-0.00349862468415818
2017-12-05,155.350006,139.669998,60.419998,91.400002,97.830002,-0.00711975653528185,0.00473664597784751,0.00531033459361208,-1.0942508267231e-4,0.00841721232334081
2017-12-06,154.100006,141.059998,59.720001,91.25,97.279999,-0.00807889319969579,0.00990283460345687,-0.0116531534411051,-0.00164250787934161,-0.00563789097471279
2017-12-07,153.570007,140.009995,60.599998,90.099998,96.779999,-0.0034452465424053,-0.00747150468357116,0.0146278706561693,-0.0126828500458673,-0.00515305690579204
2017-12-08,154.809998,140.589996,61.299999,90.370003,96.550003,0.00804201091389167,0.00413401172219174,0.0114849665569841,0.00299224469398762,-0.00237931108595291
2017-12-11,155.410004,141.139999,61.91,90.230003,96.93,0.00386826603257795,0.00390447384723025,0.00990189090218863,-0.0015503878559473,0.00392802855801033
2017-12-12,156.740005,142.600006,62.169998,89.849998,96.699997,0.00852160185879036,0.010291251568411,0.00419081858024839,-0.00422040828452719,-0.00237569706905383
2017-12-13,153.910004,142.889999,64.300003,90.879997,97.760002,-0.0182203715436033,0.00203154642655701,0.0336871417884828,0.0113983309920309,0.0109021444460868
2017-12-14,154,141.649994,64.529999,91,97.129997,5.84560432552728e-4,-0.00871591256388804,0.00357053855120881,0.00131958455457237,-0.0064652593537522
2017-12-15,152.5,142.460007,64.790001,91.889999,97.110001,-0.00978800636616306,0.00570212376820578,0.00402106944526626,0.00973269211336714,-2.05889623934752e-4
2017-12-18,153.330002,141.800003,64.809998,91.879997,97.900002,0.00542787844459358,-0.00464367243222075,3.08595683842228e-4,-1.08853460604408e-4,0.00810220306161114
2017-12-19,153.229996,141.779999,64.239998,91.68,98.800003,-6.52440006524202e-4,-1.41081880895122e-4,-0.00883384307493351,-0.0021790922031828,0.0091510651527198
2017-12-20,152.949997,141.160004,63.59,91.529999,98.75,-0.00182898350287619,-0.00438252622998192,-0.0101698132259385,-0.00163747649512125,-5.06231336962593e-4
2017-12-21,151.5,141.059998,64.769997,91.669998,98.059998,-0.00952542603323625,-7.08709542038832e-4,0.0183862615977679,0.00152837368498737,-0.00701188795382013
2017-12-22,152.5,140.119995,63.290001,92.129997,98.209999,0.00657897109804306,-0.00668615495608371,-0.0231151322895862,0.00500544040186135,0.00152851716000946
2017-12-26,152.830002,140.089996,63.650002,92.480003,99.160004,0.0021616095787147,-2.14117990636531e-4,0.00567200183775451,0.00379184680535616,0.00962671451841501
2017-12-27,153.130005,140.570007,62.950001,92.099998,99.260002,0.00196106085292946,0.00342059048597854,-0.0110585800492737,-0.00411751581777864,0.00100794280256267
2017-12-28,154.039993,140.559998,62.950001,92.07,99.400002,0.00592499702485405,-7.12054908849069e-5,0,-3.25764245980409e-4,0.00140944347485394
2017-12-29,153.419998,139.720001,62.549999,91.879997,98.75,-0.00403301800892475,-0.00599400255423976,-0.00637455545026988,-0.00206581213014179,-0.00656073000202095
2018-01-02,154.25,139.229996,63.490002,90.650002,98.589996,0.00539541729045734,-0.00351321390404991,0.0149162237576723,-0.0134773859058734,-0.00162160776634845
2018-01-03,158.490005,140.559998,63.48,90.540001,99.449997,0.0271168686065684,0.00950721645828967,-1.57549025173509e-4,-0.0012142062110847,0.00868517911918509
2018-01-04,161.699997,140.550003,63.439999,91.18,99.540001,0.0200512166381195,-7.11109527848919e-5,-6.30334094541496e-4,0.0070438217326414,9.04608342552571e-4
2018-01-05,162.490005,141.710007,63.98,91.239998,100.129997,0.00487374415562325,0.00821944653617468,0.0084759729577053,6.57800710681222e-4,0.00590972828203995
2018-01-08,163.470001,141.889999,64.550003,91.720001,101.610001,0.00601300119463843,0.00126933723807632,0.0088696292468784,0.00524709339647433,0.0146726535806803
2018-01-09,163.830002,144.139999,64.089996,91.050003,100.389999,0.00219982365950155,0.0157329400870863,-0.0071518806643498,-0.00733162976990531,-0.0120793745970573
2018-01-10,164.179993,143.970001,64.220001,90.470001,99.669998,0.00213402724403977,-0.00118009107444017,0.00202642112893958,-0.00639052403150764,-0.00719788182913739
2018-01-11,164.199997,144.789993,64.290001,90.150002,100.019997,1.21834463937986e-4,0.00567941696329388,0.00108940947527358,-0.00354334325646555,0.0035054270836099
2018-01-12,163.139999,145.759995,64.669998,89.610001,100.870003,-0.0064764570051965,0.00667703076123516,0.00589327082414659,-0.00600803977897613,0.00846245281123892
2018-01-16,163.850006,146.860001,63.419998,90.220001,100.690002,0.00434269002095178,0.00751835962398673,-0.0195181469578527,0.00678421100866977,-0.00178607901752592
2018-01-17,168.649994,146.979996,63.810001,91.199997,102.699997,0.0288741141673388,8.1673705346752e-4,0.00613069597737237,0.0108037211212819,0.0197655779327484
2018-01-18,169.119995,146.919998,64.110001,90.18,104.300003,0.00278296662610078,-4.08288547522062e-4,0.00469044004557606,-0.0112471911926102,0.0154593030466925
2018-01-19,162.369995,147.360001,67.209999,91.07,104.589996,-0.0407308417519641,0.00299037195448282,0.04722165750578,0.00982076858678926,0.00277651575169191
2018-01-22,162.600006,148.139999,66.389999,91.889999,105.449997,0.00141558320892177,0.00527918654167259,-0.0122756034345777,0.00896375705048946,0.00818897195367985
2018-01-23,166.25,141.830002,67.139999,89.050003,105.900002,0.0221994455218848,-0.0435285944268662,0.0112335489890798,-0.0313941552056081,0.00425839301782016
2018-01-24,165.369995,142.070007,68,88.309998,105.790001,-0.00530732210908891,0.00169077174756538,0.0127277285184686,-0.00834471459138975,-0.00103926504172946
2018-01-25,165.470001,144.399994,67.709999,88.339996,106.599998,6.04558120270049e-4,0.0162672417520078,-0.00427384044742052,3.39632055558425e-4,0.00762748651864609
2018-01-26,167.339996,145.330002,68.040001,87.730003,108.389999,0.0112377314168777,0.006419847492384,0.00486191749621145,-0.00692901055265782,0.0166523316316969
2018-01-29,166.800003,143.679993,67.580002,86.860001,109.550003,-0.00323213905376463,-0.0114184765653507,-0.00678367134420022,-0.0099663117166644,0.0106452688245158
2018-01-30,163.619995,142.429993,67.330002,86.949997,107.730003,-0.0192488723833177,-0.00873795403496747,-0.00370617861906819,0.00103556767824831,-0.0167529686727335
2018-01-31,163.699997,138.190002,68.220001,86.339996,106.599998,4.88830523942774e-4,-0.0302210375113239,0.013131859387328,-0.00704026249884215,-0.0105446317834792
2018-02-01,162.399994,140.020004,67.650002,85.849998,105.519997,-0.00797307526911872,0.013155733828178,-0.00839040746822928,-0.00569137975182432,-0.0101830129915887
2018-02-02,159.029999,137.679993,67.220001,84.25,104.480003,-0.0209695334020612,-0.0168531970556494,-0.00637654700724433,-0.0188129948145663,-0.00990478573667986
2018-02-05,152.529999,130.389999,64.389999,81.059998,100.089996,-0.0417315659239481,-0.0544021492946678,-0.043012511153754,-0.0385989727053904,-0.0429259529748549
2018-02-06,155.339996,131.830002,65.220001,82.379997,100.900002,0.0182549457857784,0.0109832771748506,0.0128078596741634,0.0161530560642476,0.00806020591427359
2018-02-07,153.850006,131.419998,65.629997,81.839996,102.849998,-0.00963809647445757,-0.003114942689594,0.00626667708093454,-0.00657657982381377,0.0191416494720027
2018-02-08,147.589996,126.360001,62.490002,80.220001,100.019997,-0.041540008675498,-0.0392633024035565,-0.0490262868287168,-0.0199931999598881,-0.0279014606564152
2018-02-09,149.509995,129.529999,65.489998,79.919998,99.370003,0.0129251146916793,0.0247775229741638,0.0468908527448368,-0.00374676349235337,-0.00651984856328625
2018-02-12,151.399994,130.270004,65.980003,81.330002,99.550003,0.0125620545899716,0.00569674359298489,0.00745428257781011,0.0174888674545821,0.00180977321234543
2018-02-13,150.75,129.960007,65.870003,81.5,100.980003,-0.00430246576593341,-0.00238248575130484,-0.00166856307190333,0.00208804347696212,0.0142624464938077
2018-02-14,154.759995,129.669998,67.959999,80.68,101.699997,0.026252661916927,-0.00223401852660032,0.0312361338923388,-0.0101123071608056,0.00710476641636593
2018-02-15,156.009995,131.229996,68.290001,82.410004,103.230003,0.00804457818570814,0.011958732290335,0.0048440755272372,0.0212161242270783,0.0149322639828293
2018-02-16,156.179993,133.149994,68.300003,82.599998,104.779999,0.00108906770451878,0.0145247887706201,1.46452884178139e-4,0.00230281900076701,0.0149033668974496
2018-02-20,155.160004,130.869995,67.489998,81.339996,94.110001,-0.00655227506284284,-0.017271841336445,-0.0119304013793142,-0.0153718050110765,-0.107398582939708
2018-02-21,153.960007,129.910004,67.050003,80.239998,91.519997,-0.00776399446970721,-0.00736249206334705,-0.00654075465087889,-0.0136157325743245,-0.0279068266447924
2018-02-22,153.179993,129.910004,67.129997,80.839996,92.769997,-0.00507921909832376,0,0.00119233879083502,0.00744972432650837,0.0135657844753725
2018-02-23,155.520004,132.020004,68.160004,81.050003,92.889999,0.0151607116487185,0.0161115227608759,0.015226947945254,0.00259444214090898,0.00129270730686848
2018-02-26,158.580002,132.070007,69.650002,81.629997,93.120003,0.0194848440238902,3.78681498843569e-4,0.0216247877343134,0.00713051951619637,0.00247302956561413
2018-02-27,156.550003,131.669998,68.029999,80.540001,91.519997,-0.0128837435205629,-0.00303336087914463,-0.0235339592832462,-0.0134428368725708,-0.0173315213478551
2018-02-28,155.830002,129.880005,67.029999,78.519997,90.010002,-0.0046097846435984,-0.0136877914470439,-0.0148085042063988,-0.0254006366380652,-0.0166366973630199
2018-03-01,153.809998,127.279999,66.32,78.699997,89.080002,-0.013047620831359,-0.0202216095588819,-0.0106487546241336,0.00228978610248198,-0.0103859326478517
2018-03-02,154.490005,128.820007,65.889999,79.5,88.769997,0.00441134022784873,0.0120267592852947,-0.00650484107812055,0.0101139043563707,-0.00348614355586907
2018-03-05,156.949997,129.789993,65.050003,80.290001,89.980003,0.0157978624850825,0.00750157030825793,-0.0128304186720349,0.00988807099115796,0.0135387354687415
2018-03-06,155.720001,128.220001,65.239998,80.019997,89.059998,-0.00786773500955729,-0.0121701594081829,0.00291649601988908,-0.00336852671298349,-0.010277179316982901
2018-03-07,158.320007,129.039993,64.169998,79.160004,87.739998,0.0165588163445216,0.00637483321199994,-0.0165369665015618,-0.0108053946735263,-0.0149324044933383
2018-03-08,156.210007,132.059998,65.110001,79.970001,87.919998,-0.0134170448541706,0.0231339700515871,0.0145423820121833,0.0101804055835535,0.00204941440396578
2018-03-09,159.309998,133.800003,66.300003,80.290001,88.720001,0.0196506763762754,0.0130898204938585,0.0181117798332897,0.00399351580295626,0.00905806696611489
2018-03-12,160.259995,132.630005,66.82,79.860001,88.07,0.00594548811995921,-0.0087828359105302,0.00781249448792565,-0.0053699784944552,-0.00735340149615915
2018-03-13,159.320007,134.350006,66.169998,79.720001,88.300003,-0.00588266290044892,0.0128850455158487,-0.00977527912982001,-0.00175460626849144,0.00260818876763036
2018-03-14,158.119995,132.320007,66.199997,79,87.669998,-0.00756059544324295,-0.0152250955435358,4.53259826951324e-4,-0.00907265542147595,-0.00716039879732566
2018-03-15,159.610001,133.059998,66.389999,78.669998,87.510002,0.00937913915280753,0.00557685510549266,0.00286601004281728,-0.0041859895485219,-0.0018266473854025
2018-03-16,160.259995,133.679993,65.910004,78.970001,89.169998,0.00406411919088434,0.00464869264035528,-0.00725619191511395,0.00380618325402615,0.0187915423154488
2018-03-19,157.350006,130.240005,65.709999,78.660004,87.449997,-0.0183248035086541,-0.0260698912783903,-0.00303913006205203,-0.00393322831709675,-0.0194774705584262
2018-03-20,156.199997,131.210007,66.800003,78.309998,87.949997,-0.00733544344252923,0.0074202058223225,0.0164520197613864,-0.00445953463210547,0.00570126991398379
2018-03-21,156.690002,131.190002,66.349998,77.040001,88.18,0.00313212568093402,-1.52477129212514e-4,-0.00675939481774268,-0.0163505027531832,0.00261174285651489
2018-03-22,152.089996,127.379997,64.419998,76.410004,87.139999,-0.0297969192963139,-0.0294719479463614,-0.0295196177782433,-0.00821115046149767,-0.0118641707162821
2018-03-23,148.889999,125.099998,64.629997,75.910004,85.419998,-0.0212646530329685,-0.0180613199059865,0.00325453999993819,-0.00656514928598728,-0.0199357672139095
2018-03-26,153.369995,127.389999,65.900002,76.410004,87.5,0.0296454985106971,0.0181398377861308,0.0194598190007431,0.00656514928598728,0.0240585513639688
2018-03-27,151.910004,127.209999,66.169998,77.790001,86.050003,-0.00956500351083722,-0.00141398296468331,0.00408868594131562,0.0178992710651631,-0.0167102358425701
2018-03-28,152.520004,127.449997,65.440002,78.839996,87.769997,0.00400749466448058,0.00188485097637869,-0.0110934349419516,0.0134075304750452,0.0197911649027827
2018-03-29,153.429993,128.149994,66.440002,79.279999,88.970001,0.00594863011827051,0.00547729870646485,0.0151655919906037,0.00556544585935992,0.0135795230726377
2018-04-02,150.070007,124.559998,64.120003,77.400002,85.550003,-0.0221424927809055,-0.028413894520722,-0.035542940318817,-0.0239990709727369,-0.0391982100910049
2018-04-03,149.850006,128.350006,66.699997,78.459999,86.800003,-0.00146706475008518,0.0299734425951002,0.0394485334154409,0.0136021216005844,0.0145056208231011
2018-04-04,154.119995,130.410004,68.419998,79.050003,87.220001,0.0280966535129918,0.0159224102769802,0.025460242374173,0.00749167357008584,0.0048270176513654
2018-04-05,154.029999,130.710007,69.589996,78.800003,87.809998,-5.84105171578919e-4,0.00229781800982298,0.0169556710589953,-0.0031675666712454,0.00674169271557368
2018-04-06,150.570007,128.100006,67.550003,78.43,86.690002,-0.0227192433191687,-0.0201699266100324,-0.0297527125594801,-0.00470652771032398,-0.0128368066441942
2018-04-09,152.690002,129.479996,67.18,78.160004,86.279999,0.0139815964688994,0.0107151424241465,-0.00549252463360705,-0.00344844831297575,-0.00474075002047591
2018-04-10,155.389999,130.25,67,78.370003,86.449997,0.0175283440693672,0.00592928246823465,-0.00268296479318142,0.00268318043312732,0.00196836749637441
2018-04-11,155.360001,129.630005,66.830002,78.269997,85.910004,-1.93068383544492e-4,-0.00477140345020732,-0.00254050794130745,-0.00127688985684227,-0.00626589421684098
2018-04-12,158.070007,130.429993,67.769997,77.790001,85.43,0.0172930061938033,0.00615235353028698,0.0139674634309879,-0.00615144841407833,-0.00560295604679073
2018-04-13,156.710007,130.619995,67.25,78.370003,86.019997,-0.0086410089698612,0.001455675481977,-0.00770255639869788,0.0074283382709206,0.00688246531645209
2018-04-16,157.889999,131.759995,67.059998,78.610001,86.839996,0.00750157349665415,0.00868974172606762,-0.00282930726790465,0.00305769118196686,0.00948750646838814
2018-04-17,160.910004,130.539993,67.510002,78.43,87.900002,0.0189466456294012,-0.00930240833794116,0.00668805346497603,-0.00229242330211843,0.0121325284958926
2018-04-18,148.789993,127.720001,66.199997,78.199997,87.57,-0.0783093585362424,-0.0218392639074505,-0.0195953470532784,-0.00293689803648167,-0.00376135391012689
2018-04-19,147.699997,127.550003,65.730003,74.949997,87.889999,-0.00735269956754081,-0.00133190756820056,-0.00712492970899792,-0.0424484246661718,0.00364754766456166
2018-04-20,144.899994,126.660004,66.089996,73.800003,86.980003,-0.0191393613071238,-0.00700210543911517,0.00546190104208755,-0.015462412265089,-0.0104077795385153
2018-04-23,145.860001,126.830002,66.879997,73,86.099998,0.00660345649320782,0.00134126017958458,0.0118825349611553,-0.0108993311084413,-0.0101688534552986
2018-04-24,145.559998,126.190002,66.970001,72.5,86.529999,-0.00205890540805509,-0.00505889933454196,0.00134484893403197,-0.00687287928776215,0.00498177485708062
2018-04-25,145.940002,126.760002,66.669998,72.300003,87.169998,0.00260723303781507,0.00450682708663219,-0.00448972622255006,-0.0027623912021344,0.00736904901784996
2018-04-26,146.720001,128.009995,68.050003,72.75,87.940002,0.00533042328212208,0.00981279620800102,0.0204877265512371,0.00620473539310762,0.00879457441563147
2018-04-27,146.479996,128.270004,69.559998,72.809998,87.290001,-0.0016371422650856,0.00202910168741077,0.0219468875512199,8.2437488626308e-4,-0.00741886629211841
2018-04-30,144.960007,126.489998,68.389999,72.339996,88.459999,-0.0104309824749214,-0.0139742106480556,-0.0169630602459412,-0.0064761097083581,0.0133145409323117
2018-05-01,145,126.010002,68.099998,71.959999,87.410004,2.75851836723184e-4,-0.0038019530945661,-0.00424941670109291,-0.00526677604378367,-0.011940722781886
2018-05-02,142.449997,123.5,68.260002,70.940002,86.339996,-0.0177427025366779,-0.0201201286853259,0.00234678899140572,-0.0142759176474092,-0.0123167945548888
2018-05-03,141.990005,123.029999,66.900002,71.360001,86.230003,-0.00323437208388366,-0.00381293612405376,-0.0201249757487485,0.00590302474689253,-0.00127476404395299
2018-05-04,143.910004,124.190002,68.099998,72.43,87.529999,0.0134314641772191,0.00938444712031927,0.0177781867573428,0.014883075922028,0.0149634005647838
2018-05-07,143.220001,123.589996,69.339996,71.980003,85.470001,-0.00480621541617321,-0.0048430638277317,0.0180446987832239,-0.0062322338781069,-0.0238161314417544
2018-05-08,143,122.610001,68.459999,71.440002,85.739998,-0.00153728630115157,-0.00796100883632889,-0.0127722640751458,-0.00753037976536408,0.00315398896555763
2018-05-09,142.610001,123.510002,67.949997,72.370003,83.059998,-0.00273099149910028,0.00731354624270697,-0.00747752204792818,0.0129339257679124,-0.0317562237198672
2018-05-10,144.240005,125.349998,67.919998,73.150002,82.690002,0.0113649747987026,0.0147876680060328,-4.41583890356867e-4,0.0107202644755366,-0.00446451420283189
2018-05-11,144.139999,127.239998,68.43,73.370003,83.379997,-6.93571000914162e-4,0.0149652425136386,0.00748081240772258,0.00300301880733578,0.00830973655200218
2018-05-14,144.300003,126.059998,68.839996,73.279999,84.389999,0.00110944401125046,-0.00931708294311218,0.00597358827317773,-0.00122746689496189,0.012040462847331
2018-05-15,143.740005,125.129997,69.5,72.949997,84.519997,-0.0038883397445213,-0.00740479531760574,0.00954183933316166,-0.0045134728748506,0.00153925793316834
2018-05-16,144.630005,125.349998,71.339996,73.529999,86.129997,0.00617264483128999,0.00175663574707929,0.0261303712904715,0.00791923876350342,0.0188695907167142
2018-05-17,144.5,123.849998,70.940002,73.959999,84.489998,-8.99284104127318e-4,-0.012038668862175,-0.00562264632290344,0.00583092038986255,-0.0192245874766996
2018-05-18,144.080002,124.239998,71.32,73.449997,83.639999,-0.0029107928036094,0.00314402295575444,0.005342315456625,-0.00691953122232825,-0.0101112978888818
2018-05-21,145.490005,123.720001,71.379997,74.059998,84.510002,0.00973867534504258,-0.00419420684291971,8.40883038494944e-4,0.00827068670456121,0.0103480316177986
2018-05-22,145.089996,122.910004,71.309998,74.029999,83.370003,-0.00275317813542131,-0.00656854312860933,-9.81134039779619e-4,-4.0514553336557e-4,-0.0135813258155411
2018-05-23,144.669998,123.449997,71.339996,74.18,83.010002,-0.00289893914156636,0.00438377871882434,4.20581867563108e-4,0.00202416911447578,-0.00432746184626165
2018-05-24,144.070007,122.25,72.18,73.769997,82.849998,-0.00415593165605976,-0.00976806313487,0.0117058753534254,-0.00554246783217316,-0.00192938682786714
2018-05-25,143.639999,121.470001,72.25,74.309998,82.459999,-0.00298917876483973,-0.00640080141031696,9.69327777898599e-4,0.00729340102582743,-0.00471840458089723
2018-05-29,141.220001,119.400002,70.919998,74.050003,82.400002,-0.0169911972266821,-0.017188109235744,-0.0185798739873242,-0.00350492402812552,-7.27853964392011e-4
2018-05-30,142.619995,120.970001,72.230003,74.889999,84.120003,0.0098647503726097,0.0130633715293484,0.018303060591526,0.0112797756813841,0.020658925310566
2018-05-31,141.309998,119.620003,71.800003,73.169998,82.540001,-0.00922767110058587,-0.0112225125424406,-0.00597099575983595,-0.0232348833460261,-0.0189613500580625
2018-06-01,141.949997,121.260002,72.760002,73.449997,82.989998,0.00451881734340276,0.0136169404412412,0.0132818633006444,0.00381938821344185,0.00543705807129324
2018-06-04,143.039993,121.949997,73.830002,74.18,85.419998,0.00764940070306519,0.00567408292461291,0.0145987990227807,0.00988971028567143,0.0288601474885333
2018-06-05,143.699997,121.480003,74.050003,73.970001,84.620003,0.00460350972030987,-0.0038614351887114,0.0029754010666414,-0.002834952942675,-0.00940956125506798
2018-06-06,144.710007,122.790001,74.75,74.349998,84.559998,0.00700401591435451,0.0107259224434362,0.00940863104382217,0.00512402688759561,-7.09362834395044e-4
2018-06-07,145.360001,123.330002,74.760002,75.760002,84.949997,0.00448164284488062,0.00438811847814335,1.33797068839314e-4,0.0187868292706117,0.00460149489291162
2018-06-08,146.139999,124.059998,74.900002,77.18,84.360001,0.0053516285529307,0.00590159762918852,0.00187090788580768,0.0185698808324952,-0.00696944533851607
2018-06-11,146.580002,122.660004,74.589996,77.529999,84.300003,0.00300630862181173,-0.0113489706154342,-0.00414752088486381,0.00452458922316179,-7.11466869534938e-4
2018-06-12,146.869995,122.540001,74.290001,77.239998,84.099998,0.00197643957992799,-9.78817350196337e-4,-0.00403002971610267,-0.00374751366564041,-0.00237535739730887
2018-06-13,146.350006,122.629997,74.110001,76.470001,84.089996,-0.00354675358655587,7.34151851990994e-4,-0.00242587716775322,-0.0100189115338365,-1.18936920965318e-4
2018-06-14,145.199997,122.410004,74.699997,75.989998,83.790001,-0.00788897240596409,-0.00179556854561014,0.00792956252140442,-0.00629679377071657,-0.00357392571693005
2018-06-15,145.389999,122.610001,75.839996,77.379997,83.699997,0.00130769833574362,0.00163249563574741,0.0151457532260215,0.0181265841402176,-0.00107473890665855
2018-06-18,144.479996,121.32,75.610001,75.839996,83,-0.00627871808209957,-0.0105769115798564,-0.00303724240820724,-0.0201025052985093,-0.00839833385653677
2018-06-19,143.899994,122.57,74.260002,76.330002,83.610001,-0.00402248978548325,0.0102506125326931,-0.0180160871146091,0.00644026680824705,0.00732253432566043
2018-06-20,142.630005,122.040001,74.720001,75.849998,83.610001,-0.00886467260662993,-0.00433342731056996,0.00617533162255146,-0.00630839258568638,0
2018-06-21,141.25,121.449997,73.940002,76.440002,84.209999,-0.00972252956451847,-0.00484623729584577,-0.0104938267464405,0.00774846610967383,0.00715052504456803
2018-06-22,141.279999,122.839996,73.43,77.43,84.82,2.12359750956459e-4,0.01138003226328,-0.00692140909392513,0.0128681568622486,0.00721769687961782
2018-06-25,138.789993,122.589996,72.349998,77.790001,86.470001,-0.0177817808456702,-0.00203724153212459,-0.0148171460294266,0.00463859867517336,0.0192661804905985
2018-06-26,139.080002,122.349998,72.559998,78,85.980003,0.00208737258803637,-0.0019596479356796,0.00289835280939243,0.00269592561578591,-0.0056827985770731004
2018-06-27,137.479996,121.610001,71.349998,77.690002,86.889999,-0.0115708986333818,-0.00606656232621727,-0.016816462351473,-0.00398225198392321,0.0105281933823402
2018-06-28,140.039993,122,71.699997,78.050003,85.860001,0.0184496232142539,0.00320183351734027,0.00489338987255827,0.00462311069267152,-0.0119248648990284
2018-06-29,139.699997,121.339996,79.68,78.059998,85.650002,-0.00243080131241769,-0.0054245551843275,0.105527907511773,1.28050732811857e-4,-0.00244882632230681
2018-07-02,139.860001,121.580002,78.349998,78.129997,84,0.00114468463740014,0.00197600922172114,-0.016832670000797,8.96331479958157e-4,-0.0194524492776615
2018-07-03,139.570007,122.709999,76.279999,77.900002,84.440002,-0.00207561175113113,0.00925134106851111,-0.0267751756529231,-0.00294808906046651,0.00522444782226383
2018-07-05,141.429993,125,76.550003,79.209999,84.57,0.0132385278633613,0.01848989746314,0.00353339367114103,0.0166765623008764,0.0015383471285535
2018-07-06,142.479996,125.75,76.480003,79.309998,84.510002,0.00739676536933231,0.00598207167754694,-9.14853324677445e-4,0.00126165802620726,-7.09699571901368e-4
2018-07-09,144.389999,126.050003,77.279999,77.860001,85.93,0.0133163541501498,0.00238286845415914,0.0104058689952176,-0.0184518438518522,0.0166631171029028
2018-07-10,144.710007,127.379997,77.57,79.82,87.209999,0.00221382306506701,0.0104960439576338,0.00374557753847693,0.0248617445947126,0.0147859804471873
2018-07-11,144.940002,126.239998,77.360001,79.160004,86.529999,0.00158808935744137,-0.00898988013691682,-0.00271089043116479,-0.00830292835565327,-0.00782782871035792
2018-07-12,146.449997,127.760002,77.370003,78.889999,86.519997,0.0103641753089869,0.0119686783063839,1.29283264465485e-4,-0.00341670683381423,-1.15596651167671e-4
2018-07-13,145.899994,125.93,77.379997,79.309998,87.699997,-0.00376263838425395,-0.0144273225433533,1.29163166577406e-4,0.0053097344466071,0.0135462987598176
2018-07-16,145.460007,124.690002,77.75,79.529999,87.639999,-0.00302023155509268,-0.00989552396948223,0.00477024055668451,0.00277009751744473,-6.84361853660498e-4
2018-07-17,143.490005,129.110001,77.470001,80.029999,88.190002,-0.0136358016436402,0.034834088883688,-0.00360777350730945,0.00626725548846885,0.00625609726144649
2018-07-18,144.520004,127.800003,76.589996,79.720001,88.07,0.00715255275132076,-0.0101981965143487,-0.0114243098566718,-0.00388104399514333,-0.00136164776102898
2018-07-19,149.240005,125.940002,76.949997,78.730003,87.720001,0.0321378478987695,-0.0146609464764378,0.00468935360317069,-0.0124961925872071,-0.00398201786777186
2018-07-20,146.350006,125.849998,76.959999,78.68,88.059998,-0.0195547277205366,-7.14913251784743e-4,1.29972065155748e-4,-6.35321780431575e-4,0.00386844266622344
2018-07-23,145.699997,126.629997,76.589996,78.510002,87.629997,-0.00445136152459735,0.00617871908205903,-0.00481932566832644,-0.00216296283623318,-0.00489500678291233
2018-07-24,146.380005,129.360001,75.529999,78.989998,87.959999,0.00465632171984787,0.021329798227768,-0.0139365526097777,0.0060952061720414,0.00375878348484893
2018-07-25,146.619995,128.619995,77.160004,79.470001,87.900002,0.00163815736292783,-0.00573694116670342,0.0213513247922741,0.00605836767878554,-6.82326873496564e-4
2018-07-26,146.710007,130.279999,78.150002,80.089996,88.230003,6.13725171046298e-4,0.0128236908997446,0.0127488425814377,0.00777134785632416,0.00374724779179303
2018-07-27,145.149994,131.550003,76.889999,80.580002,88.129997,-0.0106902477306372,0.00970105755906037,-0.0162542664207992,0.00609955219147906,-0.00113411216510606
2018-07-30,145.490005,132.169998,75.959999,80.199997,88.879997,0.00233974095983047,0.0047019273463702,-0.0121689432592351,-0.00472702711727102,0.00847414850705164
2018-07-31,144.929993,132.520004,76.910004,80.879997,89.230003,-0.00385657115867488,0.00264464997812919,0.0124290862985408,0.00844306015424223,0.00393022795504017
2018-08-01,143.5,132.639999,77.540001,80.650002,88.239998,-0.00991578373556923,9.05076231963342e-4,0.00815798606155038,-0.0028477082504974,-0.0111569872532495
2018-08-02,142.960007,131.25,78.650002,82,88.760002,-0.00377011538375971,-0.0105347823760482,0.01421370979405,0.0166004178945238,0.0058757683172761
2018-08-03,147.699997,131.949997,78.739998,82.330002,89.599998,0.0326182494099756,0.00531913874171508,0.00114360518213719,0.00401633833856252,0.00941917706239082
2018-08-06,146.029999,132.020004,79.510002,82.519997,89.669998,-0.0113710960214197,5.30416345616125e-4,0.00973156495192029,0.0023050662454116,7.80945000496303e-4
2018-08-07,147.009995,131.460007,80.529999,82.639999,89.769997,0.0066885044601106,-0.00425078047549921,0.0127469483222606,0.00145316086247771,0.00111456768990692
2018-08-08,146.889999,131.169998,80.5,82.349998,90.050003,-8.1657712907468e-4,-0.00220849950389912,-3.72588965203313e-4,-0.00351538037363763,0.00311429458693002
2018-08-09,144.770004,131.199997,81.260002,81.400002,89.010002,-0.0145376967395228,2.28677064469274e-4,0.00939673074741787,-0.0116031347585484,-0.0116163594965641
2018-08-10,144.479996,130.75,80.730003,81.43,90.18,-0.00200524181280315,-0.00343575069910251,-0.00654362460410507,3.6845790052098e-4,0.0130589275527129
2018-08-13,142.710007,130.220001,80.150002,81.519997,89.639999,-0.0123264138203618,-0.00406176745700471,-0.00721038655905648,0.00110459663464368,-0.00600603521594589
2018-08-14,143.360001,129.5,80.139999,81.309998,90.849998,0.00454430803924666,-0.00554445434843487,-1.24811278938708e-4,-0.0025793664911582,0.0134081350508781
2018-08-15,143.910004,130.429993,79.57,82.300003,90.220001,0.00382917577516473,0.00715574957396292,-0.00713795534039185,0.0121021585125023,-0.00695862976360395
2018-08-16,145.339996,132.479996,80.050003,83.690002,98.639999,0.00988766568958432,0.0155950297301564,0.00601433952985708,0.016748375807472,0.0892257056539476
2018-08-17,146.059998,134.470001,79.75,83.690002,97.849998,0.00494168483214441,0.0149094728286689,-0.003754735254347,0,-0.00804117531557758
2018-08-20,146.509995,136.880005,82.18,83.639999,96,0.00307616888689743,0.0177635328399024,0.0300152217903102,-5.97657338069268e-4,-0.0190874819348004
2018-08-21,145.970001,135.350006,82.949997,83.900002,96.080002,-0.00369252339264836,-0.0112406057224579,0.00932601701482394,0.00310377470663159,8.33007119878104e-4
2018-08-22,145.240005,134.610001,82.639999,83.389999,95.669998,-0.00501354702129753,-0.00548234430495498,-0.00374416775938258,-0.00609725120401361,-0.00427644980283315
2018-08-23,145.369995,135.110001,82.910004,83.239998,95.18,8.94601071328438e-4,0.00370755278837365,0.00326191766250616,-0.00180040860852504,-0.00513491309191672
2018-08-24,146.039993,135.949997,82.449997,83.360001,94.949997,0.00459832681212102,0.00619788013829847,-0.00556371775329279,0.00144061250269445,-0.00241943003024669
2018-08-27,146.690002,134.919998,82.650002,83.440002,94.540001,0.00444102127850421,-0.00760515364169301,0.00242283584554137,9.59244660617919e-4,-0.00432736972009362
2018-08-28,146.589996,134.320007,82.580002,83.480003,96.07,-6.81983118917096e-4,-0.00445693048621187,-8.47303788576781e-4,4.79283483914905e-4,0.0160540564790228
2018-08-29,147.539993,134.860001,82.790001,83.489998,95.639999,0.00645973099644603,0.004012145837895,0.00253974855258488,1.19722105193176e-4,-0.00448596028739878
2018-08-30,145.929993,134.949997,81.400002,83.410004,96.099998,-0.0109722712999449,6.67106512024951e-4,-0.0169319956509488,-9.58586041543974e-4,0.00479816303034397
2018-08-31,146.479996,134.690002,82.199997,82.949997,95.860001,0.00376186634732267,-0.0019284607739225,0.00977996798726366,-0.00553027373931236,-0.00250049100122673
2018-09-04,145.679993,133.720001,79.599998,82.699997,95.360001,-0.0054764856899423,-0.0072277874294242,-0.0321411978410744,-0.00301841471613784,-0.00522959035974857
2018-09-05,146.660004,135.860001,79.919998,83.290001,96.620003,0.00670462257078963,0.0158768820934627,0.00401204159056423,0.00710894019954278,0.0131265763721151
2018-09-06,146.389999,136.869995,80.400002,82.650002,96.449997,-0.00184272358736681,0.00740658256848548,0.00598809174526949,-0.00771365748803277,-0.00176108192819324
2018-09-07,145.449997,137.320007,80.300003,81.910004,95.830002,-0.0064419220366867,0.00328248587315372,-0.0012445427479264,-0.00899371610386446,-0.00644889902157697
2018-09-10,145.649994,137.210007,82.099998,82.379997,96.900002,0.00137407789523181,-8.01369615540892e-4,0.0221683337852303,0.00572152022973249,0.0111037303105936
2018-09-11,146.490005,138.509995,82.629997,82.010002,96.639999,0.0057507586629022,0.0094298391387575,0.00643478230882,-0.00450143715573859,-0.00268681569773221
2018-09-12,146.570007,139.360001,83,83.110001,95.970001,5.45976924257729e-4,0.00611803119132315,0.00446783338993217,0.0133238281615915,-0.00695707078936358
2018-09-13,148.949997,139.889999,83.470001,83.449997,95.120003,0.0161074812203461,0.00379587206001286,0.00564669004639917,0.00408257056099171,-0.00889636912782521
2018-09-14,148.330002,139.490005,83.489998,83.610001,94.589996,-0.00417112419933385,-0.00286344239085867,2.39542407946658e-4,0.00191552796408612,-0.00558756398432436
2018-09-17,147.940002,139.960007,83.260002,84.25,94.82,-0.00263273514025464,0.00336376756476842,-0.00275857446297678,0.00762542711021208,0.00242863753666267
2018-09-18,148.559998,140.539993,85.260002,84,95.43,0.00418210390316087,0.00413537844239098,0.0237371690067558,-0.00297177038915741,0.00641263695519001
2018-09-19,149.059998,140.460007,84.43,84,95.239998,0.00335999245425533,-5.69295389040825e-4,-0.00978264611331436,0,-0.00199299381008089
2018-09-20,151.149994,141.979996,85.370003,85.360001,95.75,0.0139237854936676,0.0107633738711321,0.011071997481956,0.0160608198652739,0.00534062744167407
2018-09-21,151.350006,142.880005,85.550003,85.82,95.900002,0.00132239358113839,0.00631897768433198,0.00210624924204961,0.00537446085479143,0.00156537468369411
2018-09-24,150.029999,140.470001,84.269997,84.269997,94.919998,-0.00875980767734941,-0.0170112021608135,-0.0150751412210104,-0.0182261853789747,-0.0102715922472623
2018-09-25,148.910004,138.639999,84.790001,83.120003,95.099998,-0.00749314396961243,-0.0131133117673512,0.00615172892535121,-0.0137405113010365,0.00189453802366302
2018-09-26,151.610001,138.160004,83.699997,83.260002,94.589996,0.0179693172253854,-0.00346817540406263,-0.0129386814566201,0.00168288290459984,-0.00537722858354073
2018-09-27,151.5,138.220001,84.540001,82.860001,94.129997,-7.25815739937907e-4,4.34163107729368e-4,0.00998586531422863,-0.00481581707016243,-0.00487494624899831
2018-09-28,151.210007,138.169998,84.720001,83.230003,93.910004,-0.0019159795316126,-3.61829304435624e-4,0.00212690612937561,0.00445544708489365,-0.00233985427781747
2018-10-01,153,139.690002,84.459999,83.669998,94.400002,0.0117682759746245,0.0109408994632201,-0.00307367543086645,0.00527257060137831,0.00520417492740144
2018-10-02,153.75,140.479996,82.769997,84.360001,95.150002,0.00488998529419238,0.00563940535612595,-0.0202123970135855,0.00821290106045591,0.0079135204237053
2018-10-03,153.220001,139.029999,82.5,83.029999,94.07,-0.00345310307139002,-0.0103753714242423,-0.00326734731165246,-0.0158913912344332,-0.0114154287777408
2018-10-04,151.309998,139.350006,80.18,81.919998,94.209999,-0.0125441043696553,0.00229906699624749,-0.0285241861262735,-0.0134588393529649,0.00148713646213139
2018-10-05,149.029999,139.100006,80.120003,82.150002,93.309998,-0.0151830779949398,-0.0017956549211755,-7.48558972910374e-4,0.00280373195185124,-0.00959906063399085
2018-10-08,148.389999,139.389999,80.230003,82.400002,94.690002,-0.00430368497160583,0.00208261050384717,0.00137199891660966,0.0030385923582843,0.0146811573049623
2018-10-09,147.240005,139.199997,80.419998,82.199997,97.080002,-0.00777999381005312,-0.00136402621908438,0.00236532944163148,-0.00243019562148739,0.0249269823430032
2018-10-10,142.690002,137.729996,74.940002,81.440002,95.760002,-0.0313894835101012,-0.010616508461684,-0.0705750565461338,-0.00928868820561402,-0.0136903193247013
2018-10-11,139.020004,133.839996,74.510002,78.870003,93.919998,-0.0260566225137042,-0.0286501910947736,-0.00575444864588803,-0.0320656119129934,-0.0194017473501971
2018-10-12,140.850006,133.869995,75.910004,79.059998,94.809998,0.0130777004757112,2.24115656001445e-4,0.0186151093149851,0.00240606712412106,0.00943153304997857
2018-10-15,141.130005,133.949997,74.989998,80.129997,93.82,0.00198594993335366,5.9743114606281e-4,-0.0121937360795803,0.0134432457795208,-0.0104968149347346
2018-10-16,145.119995,136.559998,77.480003,81.010002,95.809998,0.027879465058338,0.0192974902464069,0.0326651326153886,0.0109223501798921,0.0209889898878224
2018-10-17,134.050003,139.460007,76.480003,81.860001,96.559998,-0.0793480648509037,0.0210138081458595,-0.0129905692893777,0.0104378547495259,0.00779751328863121
2018-10-18,130.550003,139.5,75.599998,80.239998,96.169998,-0.0264565689368386,2.86729274952435e-4,-0.0115730512386252,-0.0199883645517795,-0.00404711814888081
2018-10-19,129.100006,139.050003,74.209999,87.300003,97.150002,-0.0111689737966429,-0.00323099900647339,-0.018557358223692,0.0843283784813611,0.0101387584822863
2018-10-22,130.020004,138.679993,74.900002,86.599998,97.139999,0.00710097121262443,-0.00266453191404104,0.00925501871867418,-0.00805070473611558,-1.02969786992091e-4
2018-10-23,131.210007,138.929993,73.349998,87.160004,97.800003,0.00911083092639497,0.00180108843477722,-0.0209114399029833,0.00644576349532855,0.00677138109243902
2018-10-24,127.209999,137.470001,72.120003,89.459999,97.559998,-0.0309598901601129,-0.0105644400180394,-0.0169110373900061,0.0260460308574917,-0.00245705486810355
2018-10-25,126.449997,138.470001,73.099998,89,99.18,-0.00599230691592112,0.00724798413075955,0.0134968994634974,-0.00515521709438183,0.0164688282134735
2018-10-26,124.790001,136.970001,72.07,87.860001,98.940002,-0.0132146168579554,-0.0108917718408046,-0.0141904704596012,-0.0128917198027629,-0.00242275504715384
2018-10-29,119.639999,137.550003,72.190002,88.239998,99.800003,-0.0421451071298868,0.00422557813323543,0.00166369091938812,0.00431570235041256,0.00865458736370428
2018-10-30,115.400002,140.75,74.510002,89.190002,102.419998,-0.0360828539983178,0.022997757838966,0.0316318115519323,0.0107085958223649,0.0259137731294299
2018-10-31,115.43,139.990005,75.040001,88.68,100.279999,2.59914221799384e-4,-0.00541423981623002,0.00708794661652501,-0.00573456335404376,-0.0211157231889532
2018-11-01,116.830002,140.820007,76.790001,89.589996,100.580002,0.0120556182211269,0.0059115015962643,0.023053118340786,0.0102092772135354,0.00298718731047298
2018-11-02,115.669998,140.679993,76.580002,89.809998,101.339996,-0.00997861183120552,-9.94770952370772e-4,-0.00273846419935353,0.00245264345197693,0.00752770994818786
2018-11-05,120.059998,142.199997,77.529999,91.199997,102.910004,0.0372503091486172,0.0107467384246309,0.0123289731670067,0.0153585587719256,0.0153736981402384
2018-11-06,123.120003,142.570007,76.57,91.510002,103.330002,0.0251679127317361,0.00259865999246234,-0.0124595902076026,0.00339341359727285,0.00407291086481276
2018-11-07,124.839996,144.75,77.970001,91.290001,104.32,0.0138733714644701,0.0151749601885482,0.0181187950219224,-0.0024070142517294,0.00953532859661621
2018-11-08,123.379997,145.300003,77.779999,91.360001,104.879997,-0.0117638858951974,0.00379247477006928,-0.00243983427612893,7.66493322317707e-4,0.00535371267298235
2018-11-09,123.540001,145.339996,76.360001,92.410004,105.559998,0.00129599889592935,2.75206443641984e-4,-0.0184253039174171,0.0114274843318976,0.00646268183722754
2018-11-12,120.900002,145.619995,75.099998,92.699997,103.870003,-0.0216012241989532,0.0019246569638058401,-0.0166384798144783,0.00313319902404263,-0.0161393465665762
2018-11-13,120.839996,144.679993,75.199997,93.470001,102.940002,-4.96450746495292e-4,-0.00647609592936327,0.00133065892324602,0.00827209968376241,-0.00899383246857433
2018-11-14,120.199997,144.25,75.199997,93.489998,101.529999,-0.00531032627414429,-0.00297645331304963,0,2.13917417450027e-4,-0.0137920021895761
2018-11-15,121.440002,144.5,74.330002,93.830002,99.540001,0.0102633329736532,0.00173160216427792,-0.0116365254179378,0.00363019830654032,-0.0197947279872057
2018-11-16,121.57,145.990005,74.739998,93.82,97.690002,0.00106989845134464,0.0102586529083224,0.00550073165366705,-1.0660271679086e-4,-0.0187603633388447
2018-11-19,120.309998,147.729996,72.519997,93.290001,96.779999,-0.0104185001459918,0.0118480957962834,-0.0301530527791538,-0.00566512120817908,-0.00935886910531636
2018-11-20,117.199997,146.449997,71.120003,92.099998,94.160004,-0.0261898768760682,-0.00870220346815742,-0.0194937111308757,-0.0128380101463978,-0.0274448455995557
2018-11-21,118.57,141.990005,72.370003,91.410004,94.169998,0.0116216519243366,-0.0309273849889227,0.0174232569438004,-0.00751999612112009,1.06132850882013e-4
2018-11-23,117.190002,142.229996,71.489998,91.540001,95.099998,-0.011706937133166,0.00168876965866183,-0.0122343385288568,0.00142112072506784,0.00982731023706496
2018-11-26,119.559998,141.369995,72.709999,91.940002,95.150002,0.0200217543509211,-0.00606490594791698,0.0169213611058794,0.00436016598171651,5.25666240750233e-4
2018-11-27,120.029999,143.220001,72.089996,92.720001,95.040001,0.00392338251826896,0.013001385050301,-0.00856362997841043,0.0084479976852565,-0.00115674862538029
2018-11-28,123,146.440002,74.660004,93.010002,97.459999,0.0244426521664138,0.0222338853484478,0.0350292441323603,0.0031228259407845,0.0251441610185195
2018-11-29,121.480003,145.850006,74.339996,92.82,97.290001,-0.0124346904994459,-0.00403706445762086,-0.00429541600037719,-0.00204490194441043,-0.00174580788885503
2018-11-30,124.269997,146.899994,75.120003,94.510002,97.650002,0.0227069288039488,0.00717330488383361,0.0104377637738375,0.0180435363557168,0.00369345853811343
2018-12-03,125.309998,146.210007,77.940002,93.32,98.75,0.00833405753985517,-0.00470805003003161,0.0368524507352186,-0.0126712230155173,0.0112017259772328
2018-12-04,121.599998,146.029999,75.790001,93.309998,95.809998,-0.0300536981320771,-0.00123191910121534,-0.0279729545530367,-1.07185341228444e-4,-0.0302243609930972
2018-12-06,123.910004,145.910004,75.540001,93.550003,94.769997,0.0188185748251977,-8.22052514382499e-4,-0.00330404049596034,0.00256882297651018,-0.0109141709616178
2018-12-07,119.339996,145.429993,73.339996,92.449997,93.190002,-0.0375789993336406,-0.00329519763359443,-0.0295562224196484,-0.0118281594053506,-0.0168124305674215
2018-12-10,121.129997,145.259995,72.510002,93.029999,93.940002,0.0148877956856763,-0.00116961729951193,-0.0113815971367783,0.00625408564808616,0.0080158606299392
2018-12-11,120.889999,146.5,73.57,93.910004,93.849998,-0.00198329132001351,0.00850022270013895,0.0145128229782694,0.00941490837924785,-9.58560167117817e-4
2018-12-12,121.160004,147.100006,74.32,94.029999,93.110001,0.00223098623131435,0.00408723993884763,0.0101427605614095,0.00127695024358765,-0.00791614108149297
2018-12-13,120.730003,147.839996,72.93,96.489998,92.959999,-0.00355534698010018,0.0050179124411267,-0.0188800175094403,0.0258254856506737,-0.00161231829413655
2018-12-14,119.900002,133,72.529999,96.639999,91.849998,-0.0068985934790966,-0.105781452615343,-0.00549982140821914,0.00155336853406762,-0.0120124924597844
2018-12-17,116.099998,129.139999,69.900002,92.769997,90.769997,-0.0322062072367189,-0.0294520487669674,-0.0369345777358552,-0.0408694445116833,-0.0118279883985339
2018-12-18,116.650002,130.419998,71.150002,92.489998,91.080002,0.00472614413542871,0.00986291717519805,0.0177246747934205,-0.0030227703849306,0.00340946166628786
2018-12-19,116.43,127.610001,68.970001,91.760002,90.550003,-0.00188778156382075,-0.0217812510477229,-0.0311187107032316,-0.0079240143251047,-0.00583604569396723
2018-12-20,113.019997,128.270004,67.529999,90.980003,87.279999,-0.0297254663912021,0.00515870291371812,-0.02109971316374,-0.00853675950096733,-0.0367808873928519
2018-12-21,110.940002,128.089996,72.370003,90.970001,87.129997,-0.0185752350028716,-0.00140433788097827,0.0692199615531592,-1.09942289531872e-4,-0.0017201082555518
2018-12-24,107.57,122.839996,68.099998,87.360001,85.82,-0.030847734210937,-0.0418504476050634,-0.060814706544785,-0.0404922693831242,-0.0151491422485064
2018-12-26,111.389999,126.709999,73.010002,90.089996,90.410004,0.0348957494357185,0.031018339908842,0.0696192616746103,0.0307716028198222,0.0521028454287888
2018-12-27,113.779999,127.410004,73.669998,92.019997,91.589996,0.021229202653978,0.0055092614692187104,0.00899918808512812,0.0211967858624105,0.0129671267498379
2018-12-28,113.029999,127.269997,73.339996,91.18,92.129997,-0.0066134891781795,-0.00109947395597665,-0.00448952544394743,-0.00917033734041794,0.00587853881615175
2018-12-31,113.669998,129.050003,74.139999,91.919998,93.150002,0.00564623474839632,0.0138891589794046,0.0108490761319082,0.00808303699715385,0.0110105279601864
2019-01-02,115.209999,127.75,74.059998,91.279999,93.339996,0.0134570452663327,-0.0101247203276129,-0.00107963575425529,-0.00698691718393185,0.00203757914924285
2019-01-03,112.910004,125.720001,72.75,90.639999,92.860001,-0.0201654647512841,-0.0160180092002626,-0.0178466424287329,-0.00703608891142338,-0.0051557043069117
2019-01-04,117.32,127.830002,74.650002,92.489998,93.440002,0.0383141674903742,0.0166440519421585,0.0257816447252912,0.0202049032551148,0.0062265471233518
2019-01-07,118.150002,127.010002,75.720001,92.120003,94.540001,0.00704977645130089,-0.00643543256268941,0.014231788770779,-0.00400840142350756,0.0117034954585975
2019-01-08,119.830002,129.960007,76.730003,92.459999,95.199997,0.0141190678241854,0.0229609254006053,0.013250465740037,0.00368400022589022,0.00695687434209002
2019-01-09,120.690002,128.929993,76.589996,90.949997,94.889999,0.00715120281645198,-0.00795719753390767,-0.00182633759234729,-0.016466235765618,-0.00326159483756516
2019-01-10,121.790001,129.710007,76.419998,91.169998,94.959999,0.00907296710868533,0.00603167618940326,-0.00222205184776758,0.00241600168079703,7.37424323514091e-4
2019-01-11,121.459999,129.75,76.040001,91.769997,94.839996,-0.0027132760736075,3.08278726876665e-4,-0.00498488507639294,0.00655954048072882,-0.00126452074975614
2019-01-14,120.389999,128.279999,76.089996,91.150002,94.949997,-0.00884851759566896,-0.0113941550164913,6.57266847902349e-4,-0.00677889107397345,0.00115918664181081
2019-01-15,121.730003,129.360001,77.879997,92.010002,96.25,0.0110690374256128,0.00838385596971047,0.0232523443640931,0.00939076546451112,0.0135985675051762
2019-01-16,121.620003,128.039993,77.68,91.370003,96.349998,-9.04047707250832e-4,-0.0102565625679718,-0.00257131800012722,-0.00698005868697482,0.00103840093482699
2019-01-17,122.190002,129.089996,79.129997,90.639999,96.739998,0.00467577233742311,0.00816714410123875,0.0184942077257357,-0.0080216241569681691,0.00403957261814458
2019-01-18,123.82,130.690002,80.449997,91.419998,97.730003,0.0132516713947037,0.01231831737985,0.016543804439344,0.00856864533945245,0.0101816583266965
2019-01-22,122.519997,128.800003,80.75,90.440002,97.489998,-0.0105546406123098,-0.0145672849501555,0.0037221259546163,-0.0107775815026692,-0.00245881692130645
2019-01-23,132.889999,128.800003,80.5,94.839996,98.709999,0.0812474533396195,0,-0.0031007776782479,0.0475045494970292,0.0124364601728555
2019-01-24,132.529999,127.029999,80.440002,94.300003,98.360001,-0.00271268347126963,-0.0138375657989647,-7.45594656814674e-4,-0.00570999756813428,-0.00355202078438488
2019-01-25,133.970001,128.229996,80.610001,93.599998,96.940002,0.0108068744061258,0.00940222411386227,0.00211113393321494,-0.00745085933674794,-0.0145419764661776
2019-01-28,134.270004,128.990005,80.32,93.519997,97.059998,0.00223682612208442,0.00590942546266326,-0.00360406775749933,-8.55077030911922e-4,0.0012370723227102
2019-01-29,134.330002,130.330002,80.220001,93.540001,96.709999,4.46746088292649e-4,0.0103347901485504,-0.0012457831357926,2.13877903241233e-4,-0.0036125239825795
2019-01-30,134.380005,131.639999,81.279999,94.519997,94.800003,3.72170736292254e-4,0.010001205590374,0.0131270987193961,0.0104222575910384,-0.0199473584821339
2019-01-31,134.419998,133.080002,81.879997,96.470001,95.830002,2.97566963160634e-4,0.0108795497001664,0.00735475262708185,0.0204206689689865,0.0108063683194164
2019-02-01,134.100006,134.199997,81.510002,97.470001,93.860001,-0.00238337663272059,0.00838073600405664,-0.00452898751087183,0.0103125590603064,-0.0207714882055248
2019-02-04,135.190002,132.880005,81.989998,98.029999,94.769997,0.00809537613994671,-0.00988469924991264,0.00587152757163523,0.00572889546399047,0.00964855080607929
2019-02-05,135.550003,132.880005,82.860001,97.440002,95.599998,0.00265938690642109,0,0.0105551845029375,-0.00603671958563723,0.00871992731033711
2019-02-06,136.320007,133,82.709999,97.919998,95.639999,0.00566451635404075,9.02625288779824e-4,-0.001811947104426,0.00491397385214043,4.18332997394799e-4
2019-02-07,133.190002,132.050003,82.389999,97.139999,96.730003,-0.0232284192016881,-0.00716846675994542,-0.00387644342327587,-0.00799757171600035,0.01133249107437
2019-02-08,133.710007,132.399994,82.360001,97.709999,95.580002,0.00389663274959684,0.0026469367238775,-3.64163888698421e-4,0.00585067109870607,-0.0119600091337269
