"Index","AAPL.Close","MSFT.Close","EBAY.Close","GOOGL.Close","msft_r","aapl_r","ebay_r","googl_r"
"2017-02-01",128.75,63.580002,32.18,815.23999,-0.0165506568739162,0.0609806520145142,0.010995915802702,-0.00603520158491277
"2017-02-02",128.529999,63.169998,31.969999,818.26001,-0.00644863144232055,-0.00170874563106793,-0.00652582349285269,0.00370445517521767
"2017-02-03",129.080002,63.68,32.07,820.130005,0.00807348450446366,0.0042791799912798,0.00312796381382419,0.00228533104043538
"2017-02-06",130.289993,63.639999,32.029999,821.619995,-0.000628156407035174,0.00937396173886018,-0.00124730277517937,0.00181677293955373
"2017-02-07",131.529999,63.43,32.43,829.22998,-0.00329979577780959,0.00951727735529162,0.0124883238366633,0.00926217113301875
"2017-02-08",132.039993,63.34,33.25,829.880005,-0.00141888696200532,0.00387739682108568,0.0252852297255628,0.000783889892644885
"2017-02-09",132.419998,64.059998,33.119999,830.059998,0.0113671929270602,0.00287795380298128,-0.0039098045112782,0.00021689039248507
"2017-02-10",132.119995,64,33.630001,834.849976,-0.00093659072546326,-0.00226554149321168,0.0153986115760449,0.00577064069048183
"2017-02-13",133.289993,64.720001,33.790001,838.960022,0.0112500156249999,0.00885557102844281,0.0047576567125287,0.00492309530832391
"2017-02-14",135.020004,64.57,33.630001,840.030029,-0.00231769155875017,0.012979301454386,-0.00473512859617842,0.00127539688655154
"2017-02-15",135.509995,64.529999,34.009998,837.320007,-0.000619498218986991,0.00362902522207009,0.0112993454861927,-0.00322610133738443
"2017-02-16",135.350006,64.519997,33.540001,842.169983,-0.000154997677901725,-0.001180643538508,-0.013819377466591,0.00579226097484131
"2017-02-17",135.720001,64.620003,33.759998,846.549988,0.00155000007207051,0.00273361642850611,0.00655924249972473,0.00520085622666988
"2017-02-21",136.699997,64.489998,33.919998,849.27002,-0.00201183834671126,0.00722071907441268,0.00473933677365723,0.0032130790131204
"2017-02-22",137.110001,64.360001,33.82,851.359985,-0.0020157699493184,0.00299929779808283,-0.00294805441910695,0.00246089577022857
"2017-02-23",136.529999,64.620003,33.599998,851,0.00403980727097886,-0.00423019470330255,-0.00650508574807807,-0.000422835235790453
"2017-02-24",136.660004,64.620003,34.060001,847.809998,0,0.000952208312841041,0.0136905662911051,-0.00374853349001181
"2017-02-27",136.929993,64.230003,34.279999,849.669983,-0.00603528291386801,0.00197562558244924,0.00645913075575066,0.00219387009399252
"2017-02-28",136.990005,63.98,33.900002,844.929993,-0.00389230870812818,0.000438267750440868,-0.0110850936722605,-0.00557862475412418
"2017-03-01",139.789993,64.940002,34.27,856.75,0.0150047202250705,0.0204393597912491,0.010914394636319,0.0139893329600385
"2017-03-02",138.960007,64.010002,33.91,849.849976,-0.0143209111696672,-0.00593737779212866,-0.0105048147067408,-0.00805371928800702
"2017-03-03",139.779999,64.25,33.740002,849.080017,0.00374938279177051,0.00590092083112825,-0.00501321144205247,-0.000905994024526513
"2017-03-06",139.339996,64.269997,33.639999,847.27002,0.000311237354085669,-0.00314782517633294,-0.00296392987765659,-0.00213171546115887
"2017-03-07",139.520004,64.400002,33.470001,851.150024,0.00202279455528842,0.00129186167049977,-0.00505344842608346,0.00457941849518062
"2017-03-08",139,64.989998,33.32,853.640015,0.00916142828691213,-0.0037270927830535,-0.00448165507972353,0.00292544314138432
"2017-03-09",138.679993,64.730003,33.18,857.840027,-0.00400053866750394,-0.00230220863309361,-0.00420168067226889,0.00492012080759818
"2017-03-10",139.139999,64.93,33.130001,861.409973,0.00308971096448141,0.00331703218358248,-0.00150690174804102,0.00416155213983749
"2017-03-13",139.199997,64.709999,32.810001,864.580017,-0.00338827968581568,0.000431205982688088,-0.00965891911684524,0.00368006419633127
"2017-03-14",138.990005,64.410004,32.860001,865.909973,-0.00463599141764781,-0.00150856325090298,0.00152392558598202,0.00153826826187231
"2017-03-15",140.460007,64.75,32.889999,868.390015,0.00527862100427745,0.0105763144623241,0.000912903198025061,0.00286408758107681
"2017-03-16",140.690002,64.639999,33.099998,870,-0.00169885714285711,0.00163744118281306,0.00638488921814795,0.00185398838331885
"2017-03-17",139.990005,64.870003,33.700001,872.369995,0.00355823025306656,-0.00497545660707288,0.0181269799472497,0.00272413218390799
"2017-03-20",141.460007,64.93,33.810001,867.909973,0.000924880487519264,0.0105007639652559,0.00326409485863222,-0.00511253484824403
"2017-03-21",139.839996,64.209999,33.189999,850.140015,-0.0110888803326661,-0.0114520777593343,-0.0183378285022825,-0.0204744254044884
"2017-03-22",141.419998,65.029999,33.529999,849.799988,0.0127705966791871,0.0112986416275354,0.0102440497211223,-0.000399965880914288
"2017-03-23",140.919998,64.870003,33.52,839.650024,-0.00246034141873519,-0.00353556786219156,-0.000298210566603174,-0.0119439446261794
"2017-03-24",140.639999,64.980003,33.400002,835.140015,0.0016956990120689,-0.00198693587832721,-0.0035798926014321,-0.00537129621995946
"2017-03-27",140.880005,65.099998,33.43,838.51001,0.00184664503631993,0.0017065273158885,0.000898143658793815,0.00403524551508894
"2017-03-28",143.800003,65.290001,33.529999,840.630005,0.00291863296216999,0.0207268448066849,0.00299129524379294,0.00252828824309437
"2017-03-29",144.119995,65.470001,33.650002,849.869995,0.00275693057502013,0.00222525725538403,0.00357897415982644,0.010991744221645
"2017-03-30",143.929993,65.709999,33.700001,849.47998,0.0036657705259544,-0.00131835974598804,0.00148585429504577,-0.000458911365614267
"2017-03-31",143.660004,65.860001,33.57,847.799988,0.00228278804265392,-0.00187583556680926,-0.0038575963247004,-0.00197767109237812
"2017-04-03",143.699997,65.550003,33.759998,856.75,-0.00470692370624159,0.00027838646029843,0.00565975573428656,0.010556749382733
"2017-04-04",144.770004,65.730003,34.139999,852.570007,0.00274599529766606,0.00744611706568099,0.0112559544582911,-0.00487889466005254
"2017-04-05",144.020004,65.559998,33.810001,848.909973,-0.0025864140003159,-0.00518063120313239,-0.00966602254440618,-0.00429294247973699
"2017-04-06",143.660004,65.730003,34.16,845.099976,0.00259312088447605,-0.00249965275657138,0.0103519369904779,-0.00448810488883267
"2017-04-07",143.339996,65.68,33.91,842.099976,-0.000760733268184821,-0.00222753717868451,-0.00731850117096022,-0.00354987585516153
"2017-04-10",143.169998,65.529999,34.060001,841.700012,-0.00228381546894041,-0.00118597742949578,0.00442350339133002,-0.000474960232037747
"2017-04-11",141.630005,65.480003,33.990002,839.880005,-0.000762948279611764,-0.0107563946463139,-0.00205516729139266,-0.0021622988880271
"2017-04-12",141.800003,65.230003,34.27,841.460022,-0.00381795950742392,0.00120029650496734,0.00823765765003515,0.00188124135661494
"2017-04-13",141.050003,64.949997,34.330002,840.179993,-0.00429259523412873,-0.00528913952138632,0.00175086081120512,-0.00152120001727185
"2017-04-17",141.830002,65.480003,34.439999,855.130005,0.00816021592733862,0.00552994670974938,0.00320410700820806,0.0177938205200752
"2017-04-18",141.199997,65.389999,34.02,853.98999,-0.00137452651002468,-0.00444197272168134,-0.0121950932693116,-0.0013331481685056
"2017-04-19",140.679993,65.040001,33.849998,856.51001,-0.0053524698784595,-0.00368274795359946,-0.00499711934156388,0.00295087767949131
"2017-04-20",142.440002,65.5,32.529999,860.080017,0.00707255524181183,0.0125107270939373,-0.0389955414472994,0.00416808555454007
"2017-04-21",142.270004,66.400002,32.18,858.950012,0.0137404885496184,-0.00119347091837296,-0.0107592686984096,-0.00131383705895349
"2017-04-24",143.639999,67.529999,32.049999,878.929993,0.0170180265958426,0.00962954214860345,-0.00403980733374765,0.0232609357015761
"2017-04-25",144.529999,67.919998,32.810001,888.840027,0.00577519629461265,0.00619604571286603,0.0237130116603124,0.0112751118734435
"2017-04-26",143.679993,67.830002,33.009998,889.140015,-0.00132502948542512,-0.00588117349948925,0.00609561090839361,0.000337505052526055
"2017-04-27",143.789993,68.269997,33.060001,891.440002,0.0064867313434549,0.000765590237744584,0.00151478349074718,0.00258675457318169
"2017-04-28",143.649994,68.459999,33.41,924.52002,0.0027830966507878,-0.000973635209788326,0.010586781288966,0.0371085187177858
"2017-05-01",146.580002,69.410004,33.310001,932.820007,0.0138767895687524,0.0203968543152184,-0.00299308590242431,0.00897761738031377
"2017-05-02",147.509995,69.300003,33.509998,937.090027,-0.00158480036969888,0.00634461036506195,0.00600411269876577,0.00457753904071212
"2017-05-03",147.059998,69.080002,33.259998,948.450012,-0.00317461746718839,-0.00305062040033288,-0.0074604600095769,0.0121226186094072
"2017-05-04",146.529999,68.809998,33.509998,954.719971,-0.00390856966101416,-0.0036039644172986,0.00751653683202269,0.00661074270722861
"2017-05-05",148.960007,69,33.5,950.280029,0.00276125571170649,0.0165836894600675,-0.00029835871670314,-0.0046505175704552
"2017-05-08",153.009995,68.940002,33.240002,958.690002,-0.000869536231883905,0.0271884251455494,-0.00776113432835834,0.00884999446831491
"2017-05-09",153.990005,69.040001,33.720001,956.710022,0.00145052215113073,0.00640487570762938,0.0144404022599038,-0.00206529743281925
"2017-05-10",153.259995,69.309998,33.880001,954.840027,0.0039107328518142,-0.00474063235467781,0.00474495834089672,-0.00195461002497999
"2017-05-11",153.949997,68.459999,34.119999,955.890015,-0.0122637285316326,0.00450216640030554,0.0070837660246823,0.00109964807748897
"2017-05-12",156.100006,68.379997,34.07,955.140015,-0.00116859481695275,0.0139656319707497,-0.00146538691281906,-0.000784609095430322
"2017-05-15",155.699997,68.43,34.18,959.219971,0.0007312518601017,-0.00256251751841707,0.00322864690343416,0.0042715789684511
"2017-05-16",155.470001,69.410004,34.810001,964.609985,0.0143212626041209,-0.00147717408112735,0.0184318607372733,0.00561916365688342
"2017-05-17",150.25,67.480003,33.580002,942.169983,-0.0278058044774065,-0.0335756156584832,-0.03533464420182,-0.0232632901887285
"2017-05-18",152.539993,67.709999,33.73,950.5,0.00340835788048199,0.0152412179700501,0.00446688478458102,0.00884131011420686
"2017-05-19",153.059998,67.690002,33.830002,954.650024,-0.000295333042317547,0.00340897485159841,0.00296477912837245,0.00436614834297733
"2017-05-22",153.990005,68.449997,33.860001,964.070007,0.0112275812903653,0.00607609442148282,0.00088675726356735,0.00986747264775634
"2017-05-23",153.800003,68.68,34.610001,970.549988,0.00336016084850965,-0.0012338593014527,0.0221500288792076,0.00672148386833893
"2017-05-24",153.339996,68.769997,34.82,977.609985,0.00131038147932427,-0.00299094272449385,0.0060675814484954,0.0072742229532643
"2017-05-25",153.869995,69.620003,35.220001,991.859985,0.0123601285019685,0.00345636503081681,0.0114876794945435,0.0145763650317055
"2017-05-26",153.610001,69.959999,34.900002,993.27002,0.00488359645718495,-0.0016896991515466,-0.00908571808388092,0.00142160690150228
"2017-05-30",153.669998,70.410004,34.619999,996.169983,0.00643231855963866,0.000390580037819221,-0.00802300813621737,0.00291961192989598
"2017-05-31",152.759995,69.839996,34.299999,987.090027,-0.00809555414881102,-0.00592180003802689,-0.00924321228316616,-0.00911486609208545
"2017-06-01",153.179993,70.099998,34.790001,988.289978,0.00372282381001288,0.00274939783809236,0.0142857730112469,0.00121564494339688
"2017-06-02",155.449997,71.760002,35.32,996.119995,0.0236805142276895,0.0148191937833553,0.0152342335373892,0.0079227930812833
"2017-06-05",153.929993,72.279999,35.549999,1003.880005,0.00724633480361381,-0.00977808960652471,0.00651186296715744,0.00779023615523355
"2017-06-06",154.449997,72.519997,35.470001,996.679993,0.00332039296237396,0.00337818504285914,-0.0022502954219491,-0.00717218389064345
"2017-06-07",155.369995,72.389999,35.77,1001.5,-0.00179258143102246,0.00595660743198323,0.00845782327437772,0.00483606276222304
"2017-06-08",154.990005,71.949997,36.139999,1004.280029,-0.0060782153070621,-0.00244571031877805,0.0103438356164383,0.00277586520219675
"2017-06-09",148.979996,70.32,34.939999,970.119995,-0.0226545805137421,-0.0387767520879814,-0.0332042067848426,-0.0340144511626049
"2017-06-12",145.419998,69.779999,34.150002,961.809998,-0.00767919510807724,-0.0238958121599091,-0.0226101036808845,-0.00856594755579698
"2017-06-13",146.589996,70.650002,34.459999,970.5,0.0124677989748896,0.0080456472018382,0.00907751044934058,0.00903505060050347
"2017-06-14",145.160004,70.269997,34.5,967.929993,-0.00537869765382315,-0.00975504494863366,0.00116079515846756,-0.00264812673879444
"2017-06-15",144.289993,69.900002,34.09,960.179993,-0.00526533393761208,-0.00599346222117747,-0.0118840579710144,-0.00800677740750622
"2017-06-16",142.270004,70,33.959999,958.619995,0.00143058651128514,-0.0139995086145719,-0.00381346435904961,-0.00162469329851989
"2017-06-19",146.339996,70.870003,34.900002,975.219971,0.0124286142857142,0.0286075201066278,0.0276797122402741,0.0173165342748771
"2017-06-20",145.009995,69.910004,34.93,968.98999,-0.0135459144823233,-0.00908843129939685,0.000859541498020588,-0.00638828283388382
"2017-06-21",145.869995,70.269997,34.959999,978.590027,0.00514937747679145,0.00593062567859537,0.00085883194961367,0.0099072612710891
"2017-06-22",145.630005,70.260002,35.119999,976.619995,-0.000142237091599773,-0.00164523211233381,0.00457665916981287,-0.00201313312587026
"2017-06-23",146.279999,71.209999,35.57,986.090027,0.0135211638621928,0.0044633247111403,0.0128132406837482,0.00969674187348568
"2017-06-26",145.820007,70.529999,35.09,972.090027,-0.00954922074918152,-0.00314459941991108,-0.0134945178521225,-0.0141974866560536
"2017-06-27",143.729996,69.209999,34.91,948.090027,-0.0187154405035509,-0.0143328137407098,-0.00512966657167302,-0.0246890713137622
"2017-06-28",145.830002,69.800003,35.310001,961.01001,0.00852483757440892,0.0146107706007312,0.011458063592094,0.0136273799239111
"2017-06-29",143.679993,68.489998,34.509998,937.820007,-0.0187679791360468,-0.0147432556436501,-0.0226565555747222,-0.0241308651925488
"2017-06-30",144.020004,68.93,34.919998,929.679993,0.00642432490653611,0.00236644638477967,0.0118806150032231,-0.00867971885782137
"2017-07-03",143.5,68.169998,34.599998,919.460022,-0.0110257072392282,-0.00361063731118905,-0.00916380350308155,-0.0109929987489792
"2017-07-05",144.089996,69.080002,34.720001,932.26001,0.0133490395584284,0.00411147038327542,0.00346829499816748,0.0139212012417436
"2017-07-06",142.729996,68.57,34.029999,927.690002,-0.00738277338208526,-0.00943854561561663,-0.0198733289206993,-0.00490207447598223
"2017-07-07",144.179993,69.459999,34.23,940.809998,0.0129794224879685,0.010159020812976,0.00587719676394927,0.014142651070632
"2017-07-10",145.059998,69.980003,35.040001,951,0.00748638075851393,0.00610351673411458,0.0236634823254456,0.0108310945054393
"2017-07-11",145.529999,69.989998,35.189999,953.530029,0.000142826515740602,0.00324004554308632,0.00428076471801475,0.00266038801261836
"2017-07-12",145.740005,71.150002,36.029999,967.659973,0.0165738538812361,0.00144304268152973,0.0238704184106397,0.0148185621535366
"2017-07-13",147.770004,71.769997,36.5,968.849976,0.0087139140206911,0.0139289071658808,0.0130447131014353,0.0012297739218361
"2017-07-14",149.039993,72.779999,37.080002,976.909973,0.0140727607944584,0.00859436262856161,0.0158904657534247,0.00831913835955977
"2017-07-17",149.559998,73.349998,37.049999,975.960022,0.00783180829667218,0.00348902995453049,-0.000809142351179015,-0.000972403830705959
"2017-07-18",150.080002,73.300003,36.799999,986.950012,-0.000681595110609168,0.00347689226366521,-0.00674763850870819,0.0112606969058822
"2017-07-19",151.020004,73.860001,37.080002,992.77002,0.0076398086914129,0.00626333946877211,0.00760877738067323,0.00589696330030542
"2017-07-20",150.339996,74.220001,37.18,992.190002,0.00487408604286377,-0.00450276772605562,0.00269681754601847,-0.000584242058397355
"2017-07-21",150.270004,73.790001,36.610001,993.840027,-0.0057935865562706,-0.000465558080765205,-0.0153307961269501,0.00166301312921302
"2017-07-24",152.089996,73.599998,36.380001,998.309998,-0.00257491526528109,0.0121114790148007,-0.0062824363211571,0.00449767656621058
"2017-07-25",152.740005,74.190002,36.32,969.030029,0.00801635891348806,0.0042738445466195,-0.00164928527627028,-0.0293295359744559
"2017-07-26",153.460007,74.050003,37.040001,965.309998,-0.00188703324202633,0.00471390582971365,0.019823816079295,-0.00383892231269545
"2017-07-27",150.559998,73.160004,36.169998,952.51001,-0.0120188921531847,-0.0188974903409198,-0.0234882013097137,-0.0132599766153049
"2017-07-28",149.5,73.040001,35.939999,958.330017,-0.00164028148494899,-0.00704036938151398,-0.0063588336388628,0.00611017935654035
"2017-07-31",148.729996,72.699997,35.73,945.5,-0.00465503827142622,-0.0051505284280936,-0.00584304412473702,-0.0133878901551718
"2017-08-01",150.050003,72.580002,35.91,946.559998,-0.00165055027443817,0.00887519018019733,0.0050377833753148,0.00112109783183501
"2017-08-02",157.139999,72.260002,35.900002,947.640015,-0.00440892795786907,0.0472508887587293,-0.000278418267891878,0.00114099159301251
"2017-08-03",155.570007,72.150002,35.709999,940.299988,-0.00152228061106341,-0.00999103990066841,-0.00529256237924436,-0.00774558575388984
"2017-08-04",156.389999,72.68,35.619999,945.789978,0.00734577942215453,0.0052708874661167,-0.00252030250686941,0.00583855160061963
"2017-08-07",158.809998,72.400002,36.110001,945.75,-0.00385247660979648,0.0154741288795586,0.013756373210454,-4.22694265428403e-05
"2017-08-08",160.080002,72.790001,36.360001,944.190002,0.0053867263705325,0.00799700280834958,0.00692328975565526,-0.00164948242135865
"2017-08-09",161.059998,72.470001,36.080002,940.080017,-0.00439620820997111,0.00612191396649275,-0.00770074236246576,-0.00435292154258593
"2017-08-10",155.320007,71.410004,34.990002,923.590027,-0.0146267005019083,-0.0356388369010162,-0.0302106413408736,-0.0175410493806933
"2017-08-11",157.479996,72.5,35.049999,930.090027,0.015263911762279,0.0139067016652916,0.00171468981339307,0.00703775464219047
"2017-08-14",159.850006,73.589996,35.200001,938.929993,0.0150344275862069,0.0150495939814477,0.00427965775405581,0.00950441972645732
"2017-08-15",161.600006,73.220001,35.25,938.080017,-0.00502778937506676,0.0109477631173813,0.00142042609601067,-0.00090526024979154
"2017-08-16",160.949997,73.650002,35.360001,944.27002,0.00587272595093258,-0.00402233277144814,0.00312059574468071,0.006598587420928
"2017-08-17",157.860001,72.400002,34.849998,927.659973,-0.0169721651874497,-0.0191984843590894,-0.014423161356811,-0.0175903572581919
"2017-08-18",157.5,72.489998,34.779999,926.179993,0.0012430386396951,-0.00228050803065694,-0.00200857974224278,-0.00159539059900782
"2017-08-21",157.210007,72.150002,34.240002,920.869995,-0.00469024706001508,-0.00184122539682541,-0.0155260786522736,-0.00573322468648918
"2017-08-22",159.779999,73.160004,34.810001,940.400024,0.013998641330599,0.0163475089725047,0.0166471660836935,0.0212082368912454
"2017-08-23",159.979996,72.720001,34.889999,942.580017,-0.00601425609544803,0.00125170234855232,0.00229813265446333,0.00231815498124655
"2017-08-24",159.270004,72.690002,34.880001,936.890015,-0.00041252749707732,-0.00443800486155776,-0.000286557761151052,-0.00603662489908274
"2017-08-25",159.860001,72.82,34.68,930.5,0.00178838900018174,0.00370438240210014,-0.00573397345946181,-0.00682045373276818
"2017-08-28",161.470001,72.830002,34.810001,928.130005,0.000137352375720878,0.0100713123353475,0.00374858708189163,-0.00254701235894683
"2017-08-29",162.910004,73.050003,35.200001,935.75,0.00302074686198694,0.00891808379935544,0.0112036767824282,0.00821005134943364
"2017-08-30",163.350006,74.010002,35.689999,943.630005,0.0131416695492812,0.00270088999568152,0.0139203973318069,0.00842105797488646
"2017-08-31",164,74.769997,36.130001,955.23999,0.0102688147474987,0.00397914892026385,0.0123284396841816,0.0123035352187642
"2017-09-01",164.050003,73.940002,36.349998,951.98999,-0.0111006424140956,0.000304896341463357,0.00608903941076555,-0.00340228637203521
"2017-09-05",162.080002,73.610001,36.09,941.47998,-0.00446309157524782,-0.0120085398596427,-0.00715262762875524,-0.0110400425533886
"2017-09-06",161.910004,73.400002,36.759998,942.02002,-0.00285285962704984,-0.00104885240561647,0.0185646439456912,0.000573607523762787
"2017-09-07",161.259995,74.339996,38.009998,949.890015,0.0128064574167177,-0.0040146314862668,0.0340043544072011,0.00835438189519566
"2017-09-08",158.630005,73.980003,37.790001,941.409973,-0.00484252111070871,-0.0163090045984436,-0.00578787191727836,-0.00892739355724248
"2017-09-11",161.5,74.760002,38.09,943.289978,0.0105433761607174,0.0180923842245355,0.00793858142528259,0.00199700986171725
"2017-09-12",160.860001,74.68,38.18,946.650024,-0.00107011768137721,-0.0039628421052631,0.00236282488842199,0.00356204992988918
"2017-09-13",159.649994,75.209999,38.27,950.440002,0.00709693358328867,-0.00752211234911049,0.00235725510738605,0.00400356827118187
"2017-09-14",158.279999,74.769997,38.310001,940.130005,-0.00585031253623591,-0.00858124053546783,0.00104523125163314,-0.0108476042446708
"2017-09-15",159.880005,75.309998,38.400002,935.289978,0.00722216158441191,0.0101087061543386,0.00234928211043384,-0.00514825287381393
"2017-09-18",158.669998,75.160004,38.389999,929.75,-0.00199168774377068,-0.00756821967825194,-0.000260494778099196,-0.0059232731348694
"2017-09-19",158.729996,75.440002,38.59,936.859985,0.00372535903537208,0.000378130716305991,0.0052097162075988,0.00764720086044646
"2017-09-20",156.070007,74.940002,38.540001,947.539978,-0.00662778349343096,-0.0167579478802481,-0.0012956465405547,0.0113997749621038
"2017-09-21",153.389999,74.209999,38.25,947.549988,-0.00974116600637409,-0.0171718323816056,-0.00752467546640689,1.05641980627791e-05
"2017-09-22",151.889999,74.410004,38.290001,943.26001,0.00269512198753707,-0.0097789947830953,0.0010457777777777,-0.00452744240866376
"2017-09-25",150.550003,73.260002,37.779999,934.280029,-0.0154549380215059,-0.00882214766490308,-0.0133194564293692,-0.0095201544693917
"2017-09-26",153.139999,73.260002,37.849998,937.429993,0,0.0172035599361628,0.00185280576635272,0.00337154161731523
"2017-09-27",154.229996,73.849998,38.049999,959.900024,0.00805345323359385,0.00711765056234603,0.00528404255133652,0.0239698229924248
"2017-09-28",153.279999,73.870003,37.73,964.809998,0.000270886940308301,-0.00615961242714413,-0.00840996079921064,0.00511508894388779
"2017-09-29",154.119995,74.489998,38.459999,973.719971,0.00839305502667975,0.0054801409543328,0.0193479724357277,0.00923495094212323
"2017-10-02",153.809998,74.610001,38.73,967.469971,0.00161099480765192,-0.0020114002728846,0.0070203069948076,-0.00641868318011529
"2017-10-03",154.479996,74.260002,38.709999,972.080017,-0.00469104671369724,0.00435601071914715,-0.000516421378775944,0.00476505332277655
"2017-10-04",153.479996,74.690002,38.66,966.780029,0.00579046577456332,-0.0064733300485067,-0.00129163010311639,-0.00545221371421323
"2017-10-05",155.389999,75.970001,38.990002,985.190002,0.0171374878260144,0.0124446380621483,0.00853600620796691,0.0190425665071325
"2017-10-06",155.300003,76,38.810001,993.640015,0.000394879552522376,-0.000579162111970843,-0.00461659376165191,0.00857703892938999
"2017-10-09",155.839996,76.290001,38.990002,992.309998,0.0038158026315791,0.00347709587616696,0.00463800554913663,-0.00133853003091866
"2017-10-10",155.899994,76.290001,38.84,987.799988,0,0.000384997443146684,-0.00384719139024392,-0.00454496075731359
"2017-10-11",156.550003,76.419998,38.310001,1005.650024,0.0017039847725262,0.0041693972098551,-0.01364570030896,0.0180704962713565
"2017-10-12",156,77.120003,38.09,1005.650024,0.00915997145145164,-0.00351327364714271,-0.00574265189917367,0
"2017-10-13",156.990005,77.489998,38.349998,1007.869995,0.00479765282166822,0.00634618589743585,0.0068258860593331,0.00220749858004288
"2017-10-16",159.880005,77.650002,37.77,1009.349976,0.00206483422544412,0.018408815261838,-0.0151238078291425,0.00146842450647622
"2017-10-17",160.470001,77.589996,37.490002,1011,-0.00077277525375985,0.00369024256660477,-0.00741323801959248,0.00163473922745694
"2017-10-18",159.759995,77.610001,37.970001,1012.73999,0.000257829630510686,-0.00442454038496576,0.0128033868869895,0.00172105835806136
"2017-10-19",155.979996,77.910004,37.290001,1001.840027,0.00386551985742156,-0.023660485217216,-0.0179088749563111,-0.0107628444690923
"2017-10-20",156.25,78.809998,37.610001,1005.070007,0.0115517129225149,0.00173101684141597,0.00858138888223681,0.00322404766524675
"2017-10-23",156.169998,78.830002,36.830002,985.539978,0.000253825663083962,-0.000512012800000017,-0.0207391379755613,-0.0194315111026888
"2017-10-24",157.100006,78.860001,36.740002,988.48999,0.000380553079270651,0.00595510028757262,-0.00244365992703455,0.00299329511318924
"2017-10-25",156.410004,78.629997,36.68,991.460022,-0.00291661167998203,-0.00439211950125595,-0.00163315178915879,0.00300461515042749
"2017-10-26",157.410004,78.760002,36.900002,991.419983,0.00165337663690868,0.00639345294051652,0.00599787350054526,-4.03838774247767e-05
"2017-10-27",163.050003,83.809998,36.799999,1033.670044,0.0641187896363944,0.0358299908308244,-0.00271010825419471,0.0426157044688094
"2017-10-30",166.720001,83.889999,37,1033.130005,0.000954551985552055,0.0225084203156991,0.00543480993029366,-0.000522448147873389
"2017-10-31",169.039993,83.18,37.639999,1033.040039,-0.00846345224059419,0.0139154989568409,0.0172972702702703,-8.70810058410942e-05
"2017-11-01",166.889999,83.18,37.540001,1042.599976,0,-0.0127188481367247,-0.00265669507589539,0.00925417857884203
"2017-11-02",168.110001,84.050003,37.400002,1042.969971,0.010459281077182,0.00731021635394713,-0.00372932861669328,0.000354877238170959
"2017-11-03",172.5,84.139999,37.5,1049.98999,0.00107074356677894,0.0261138479203269,0.002673743172527,0.00673079685436129
"2017-11-06",174.25,84.470001,37.369999,1042.680054,0.00392205852058525,0.010144927536232,-0.00346669333333338,-0.00696191017973424
"2017-11-07",174.809998,84.269997,37.41,1052.390015,-0.00236775183653648,0.00321376183644184,0.00107040409607717,0.00931250287444363
"2017-11-08",176.240005,84.559998,37.009998,1058.290039,0.00344133155718507,0.00818035018797936,-0.0106923817161185,0.00560630936811002
"2017-11-09",175.880005,84.089996,35.689999,1047.719971,-0.0055582073216226,-0.00204266902965633,-0.035666011114078,-0.00998787441105264
"2017-11-10",174.669998,83.870003,35.970001,1044.150024,-0.00261616138024312,-0.00687973030248679,0.00784539108560933,-0.00340734843165447
"2017-11-13",173.970001,83.93,35.849998,1041.199951,0.000715357074686285,-0.00400753997833103,-0.00333619673794294,-0.00282533441765254
"2017-11-14",171.339996,84.050003,35.220001,1041.640015,0.00142979864172532,-0.0151175776563913,-0.017573139055684,0.000422650807443192
"2017-11-15",169.080002,82.980003,35.299999,1036.410034,-0.0127305170946872,-0.0131901135330947,0.00227137983329406,-0.00502091022300055
"2017-11-16",171.100006,83.199997,35.619999,1048.469971,0.00265116886052663,0.0119470308499288,0.0090651560641688,0.0116362603644959
"2017-11-17",170.149994,82.400002,35.580002,1035.890015,-0.00961532486593719,-0.00555237853118495,-0.00112288043579112,-0.0119983941819541
"2017-11-20",169.979996,82.529999,35.529999,1034.660034,0.00157763345685358,-0.000999106705816266,-0.00140536810537573,-0.00118736640202088
"2017-11-21",173.139999,83.720001,35.959999,1050.300049,0.014419023560148,0.0185904404892443,0.0121024489755828,0.0151160907796308
"2017-11-22",174.960007,83.110001,35.939999,1051.920044,-0.00728619198177027,0.0105117708820133,-0.000556173541606642,0.00154241161993895
"2017-11-24",174.970001,83.260002,35.84,1056.52002,0.00180484897359112,5.71216255151885e-05,-0.00278238738960446,0.00437293312000042
"2017-11-27",174.089996,83.870003,35.990002,1072.01001,0.00732645910818008,-0.00502946216477407,0.00418532366071411,0.0146613312637465
"2017-11-28",173.070007,84.879997,35.5,1063.290039,0.0120423746735767,-0.00585897537731006,-0.0136149478402362,-0.00813422535112329
"2017-11-29",169.479996,83.339996,34.380001,1037.380005,-0.0181432734970526,-0.0207431146634206,-0.0315492676056338,-0.0243677952860047
"2017-11-30",171.850006,84.169998,34.669998,1036.170044,0.00995922773982394,0.0139840102427191,0.00843504920200555,-0.00116636236882162
"2017-12-01",171.050003,84.260002,35.200001,1025.069946,0.00106931213185946,-0.00465523987238037,0.0152870790474231,-0.010712621991222
"2017-12-04",169.800003,81.080002,35.700001,1011.869995,-0.0377403266617535,-0.00730780460728786,0.0142045450510073,-0.0128771222407881
"2017-12-05",169.639999,81.589996,36.810001,1019.599976,0.00629000971164273,-0.000942308581702522,0.0310924361038534,0.00763930251731582
"2017-12-06",169.009995,82.779999,36.830002,1032.719971,0.0145851582098375,-0.00371377035907661,0.000543357768449937,0.0128677866897087
"2017-12-07",169.320007,82.489998,36.849998,1044.569946,-0.00350327377993809,0.00183428204941372,0.000542926932233012,0.0114745287519962
"2017-12-08",169.369995,84.160004,37.650002,1049.380005,0.020244951393986,0.000295227958500899,0.0217097433763769,0.00460482231794934
"2017-12-11",172.669998,85.230003,37.52,1051.969971,0.0127138658405956,0.0194839882943847,-0.00345290818311239,0.00246809162330086
"2017-12-12",171.699997,85.580002,37.439999,1048.77002,0.00410652338003548,-0.0056176580253392,-0.00213222281449899,-0.00304186534617357
"2017-12-13",172.270004,85.349998,37.400002,1051.390015,-0.00268759049573275,0.00331978456586701,-0.0010682959687045,0.00249815970139955
"2017-12-14",172.220001,84.690002,37.599998,1057.469971,-0.00773281799022407,-0.000290259469663656,0.00534748634505422,0.0057827789053142
"2017-12-15",173.970001,86.849998,38.369999,1072,0.0255047343132664,0.0101614213786934,0.0204787510892952,0.0137403703163879
"2017-12-18",176.419998,86.379997,38.18,1085.089966,-0.00541164088455126,0.0140828705289253,-0.00495175931591763,0.0122107891791046
"2017-12-19",174.539993,85.830002,37.799999,1079.780029,-0.00636715697038071,-0.0106564166268723,-0.0099528810895757,-0.00489354538921249
"2017-12-20",174.350006,85.519997,37.93,1073.560059,-0.0036118489196818,-0.00108850124681736,0.00343917998516341,-0.00576040474258499
"2017-12-21",175.009995,85.5,37.810001,1070.849976,-0.000233828352449561,0.00378542573723806,-0.00316369628262592,-0.00252438881018391
"2017-12-22",175.009995,85.510002,37.759998,1068.859985,0.000116982456140446,0,-0.00132248079020147,-0.00185832847233491
"2017-12-26",170.570007,85.400002,37.939999,1065.849976,-0.00128639922146179,-0.0253699110156537,0.00476697588808128,-0.00281609288610429
"2017-12-27",170.600006,85.709999,37.610001,1060.199951,0.00362994136698025,0.000175875000110626,-0.00869789163673951,-0.00530095710205269
"2017-12-28",171.080002,85.720001,37.919998,1055.949951,0.000116695836153369,0.00281357551652128,0.00824240871463955,-0.0040086777932703
"2017-12-29",169.229996,85.540001,37.740002,1053.400024,-0.00209985998483586,-0.0108136893755707,-0.00474673020816097,-0.00241481804851185
"2018-01-02",172.259995,85.949997,38.060001,1073.209961,0.00479303244338269,0.0179046213532972,0.00847904035617186,0.018805711551797
"2018-01-03",172.229996,86.349998,39.220001,1091.52002,0.00465388032532443,-0.00017414954644579,0.0304781915271102,0.0170610222280632
"2018-01-04",173.029999,87.110001,38.57,1095.76001,0.00880142463929179,0.00464496904476497,-0.0165732020251607,0.00388448211879799
"2018-01-05",175,88.190002,39.689999,1110.290039,0.0123981286603361,0.0113853147511143,0.0290380865957998,0.0132602293087882
"2018-01-08",174.350006,88.279999,39.799999,1114.209961,0.00102048982831415,-0.0037142514285714,0.00277147903178321,0.00353053874421017
"2018-01-09",174.330002,88.220001,39.529999,1112.790039,-0.000679632993652479,-0.000114734725044974,-0.00678391976844028,-0.00127437561115107
"2018-01-10",174.289993,87.82,37.700001,1110.140015,-0.00453413053123863,-0.000229501517472586,-0.0462939045356413,-0.00238142318597812
"2018-01-11",175.279999,88.080002,37.810001,1112.050049,0.00296062400364372,0.00568022284561098,0.00291777180589459,0.00172053432377184
"2018-01-12",177.089996,89.599998,38.02,1130.650024,0.0172569932502955,0.010326317950287,0.00555405962565314,0.0167258434246964
"2018-01-16",176.190002,88.349998,37.68,1130.699951,-0.0139508931685467,-0.00508212784645401,-0.00894266175697012,4.41577844074725e-05
"2018-01-17",179.100006,90.139999,37.990002,1139.099976,0.0202603400172121,0.0165162833700405,0.00822722929936304,0.0074290486990567
"2018-01-18",179.259995,90.099998,38.740002,1135.969971,-0.000443765258972384,0.000893294219096674,0.0197420363389293,-0.00274778778504692
"2018-01-19",178.460007,90,38.43,1143.5,-0.00110985574050737,-0.00446272465867248,-0.00800211626215186,0.00662872187842378
"2018-01-22",177,91.610001,39.580002,1164.160034,0.0178889,-0.00818114391310087,0.0299245901639345,0.0180673668561435
"2018-01-23",177.039993,91.900002,39.77,1176.170044,0.00316560415712686,0.000225949152542482,0.00480035347143248,0.0103164596354799
"2018-01-24",174.220001,91.82,39.82,1171.290039,-0.000870533169302967,-0.0159285591476498,0.00125722906713599,-0.00414906418072314
"2018-01-25",171.110001,92.330002,40.02,1182.140015,0.00555436724025271,-0.0178509928948972,0.00502260170768465,0.00926327010282035
"2018-01-26",171.509995,94.059998,40.889999,1187.560059,0.0187370947961205,0.00233764243856194,0.0217391054472764,0.00458494250361707
"2018-01-29",167.960007,93.919998,40.799999,1186.47998,-0.00148841168378488,-0.0206984321817514,-0.00220102719982951,-0.000909494211946971
"2018-01-30",166.970001,92.739998,40.400002,1177.369995,-0.0125638844242736,-0.00589429601536029,-0.00980384827950609,-0.00767816158179091
"2018-01-31",167.429993,95.010002,40.580002,1182.219971,0.0244770762233573,0.00275493799631699,0.00445544532398778,0.00411933038942447
"2018-02-01",167.779999,94.260002,46.189999,1181.589966,-0.0078939057384716,0.00209046177287964,0.138245360362476,-0.000532899980929202
"2018-02-02",160.5,91.779999,44.299999,1119.199951,-0.0263102370823204,-0.0433901480712251,-0.0409179484935689,-0.0528017474718467
"2018-02-05",156.490005,88,42.369999,1062.390015,-0.0411854330048533,-0.0249843925233645,-0.0435665924055664,-0.0507594160893599
"2018-02-06",163.029999,91.330002,42.790001,1084.430054,0.0378409318181818,0.0417917681068514,0.00991272149900202,0.0207457136162936
"2018-02-07",159.539993,89.610001,42.330002,1055.410034,-0.0188328146538308,-0.0214071399215306,-0.0107501516534201,-0.0267606194543921
"2018-02-08",155.149994,85.010002,41.02,1007.710022,-0.0513335447903855,-0.0275166051937837,-0.0309473644721301,-0.045195715848197
"2018-02-09",156.410004,88.18,41.66,1046.27002,0.0372897062159816,0.00812123782615171,0.0156021452949779,0.0382649742070342
"2018-02-12",162.710007,89.129997,42.32,1054.560059,0.0107733839872988,0.0402787727056129,0.0158425348055691,0.0079234221009219
"2018-02-13",164.339996,89.830002,42.150002,1054.140015,0.00785375320948334,0.0100177550849716,-0.00401696597353496,-0.000398312069962437
"2018-02-14",167.369995,90.809998,42.439999,1072.699951,0.0109094509426817,0.0184373802710813,0.00688011829750335,0.0176067085357727
"2018-02-15",172.990005,92.660004,43.009998,1091.359985,0.0203722722249153,0.0335783603267719,0.0134307024842297,0.0173953899994166
"2018-02-16",172.429993,92,43.34,1095.5,-0.00712285745206742,-0.00323725061456581,0.00767268112869934,0.00379344584454411
"2018-02-20",171.850006,92.720001,43.389999,1103.589966,0.0078260978260869,-0.00336360855735807,0.0011536455929857,0.00738472478320396
"2018-02-21",171.070007,91.489998,43.119999,1113.75,-0.013265778545451,-0.0045388360358859,-0.00622263208625573,0.0092063486557652
"2018-02-22",172.5,91.730003,42.830002,1109.900024,0.0026232922204239,0.00835910996367706,-0.00672534802238745,-0.00345676857463517
"2018-02-23",175.5,94.059998,43.68,1128.089966,0.0254005769519052,0.017391304347826,0.0198458547818887,0.0163888112502644
"2018-02-26",178.970001,95.419998,43.830002,1143.699951,0.0144588563567694,0.0197720854700854,0.00343411172161168,0.0138375355427991
"2018-02-27",178.389999,94.199997,43.150002,1117.51001,-0.0127855902910416,-0.00324077776587828,-0.0155144870858094,-0.0228993111148609
"2018-02-28",178.119995,93.769997,42.860001,1103.920044,-0.00456475598401551,-0.00151356018562454,-0.00672076446253711,-0.012160934468945
"2018-03-01",175,92.849998,42.27,1071.410034,-0.00981122991824346,-0.017516253579504,-0.0137657719606677,-0.029449605681768
"2018-03-02",176.210007,93.050003,42.950001,1084.140015,0.0021540657437602,0.00691432571428563,0.0160870830376152,0.0118815211693266
"2018-03-05",176.820007,93.639999,43.189999,1094.76001,0.00634063386327877,0.00346177842215289,0.00558784620284403,0.00979577808499221
"2018-03-06",176.669998,93.32,43.139999,1100.900024,-0.00341733237310271,-0.00084837119138903,-0.00115767541462541,0.00560854794102328
"2018-03-07",175.029999,93.860001,43.93,1115.040039,0.00578655165023578,-0.00928283816474595,0.018312494629404,0.0128440500424587
"2018-03-08",176.940002,94.43,43.68,1129.380005,0.00607286377506022,0.0109124322168339,-0.00569087184156614,0.0128604942409607
"2018-03-09",179.979996,96.540001,43.810001,1160.839966,0.0223446044689188,0.0171809311949709,0.00297621336996334,0.027855957127557
"2018-03-12",181.720001,96.769997,43.900002,1165.930054,0.00238239069419532,0.00966776885582332,0.00205434827540873,0.00438483180204363
"2018-03-13",179.970001,94.410004,42.82,1139.910034,-0.0243876518875991,-0.00963020025517169,-0.0246014111798901,-0.0223169648219738
"2018-03-14",178.440002,93.849998,42.830002,1148.890015,-0.00593163834629218,-0.00850141129909754,0.000233582438113,0.00787779801225952
"2018-03-15",178.649994,94.18,42.59,1150.609985,0.00351627071957972,0.00117682132731645,-0.00560359534888644,0.00149707106645902
"2018-03-16",178.020004,94.599998,42.459999,1134.420044,0.00445952431514107,-0.00352639250578424,-0.00305238318854195,-0.0140707461355813
"2018-03-19",175.300003,92.889999,42.09,1100.069946,-0.018076099747909,-0.0152791873884016,-0.00871406049726942,-0.0302798757670751
"2018-03-20",175.240005,93.129997,41.959999,1095.800049,0.00258367964887163,-0.000342258978740628,-0.00308864338322645,-0.00388147773287151
"2018-03-21",171.270004,92.480003,41.669998,1094,-0.00697942683279595,-0.0226546501182764,-0.00691136813420812,-0.00164268016016478
"2018-03-22",168.850006,89.790001,40.580002,1053.150024,-0.0290873909249332,-0.0141297246656221,-0.0261578126305645,-0.0373400146252285
"2018-03-23",164.940002,87.18,39.709999,1026.550049,-0.0290678357381909,-0.0231566707791531,-0.0214392054490288,-0.0252575363374821
"2018-03-26",172.770004,93.779999,41.009998,1054.089966,0.0757054255563203,0.0474718194801527,0.0327373213985727,0.026827641795768
"2018-03-27",168.339996,89.470001,40.220001,1006.940002,-0.0459586057363895,-0.0256410713517145,-0.0192635220318713,-0.0447304931465403
"2018-03-28",166.479996,89.389999,40.110001,1005.179993,-0.000894176809051239,-0.0110490676262105,-0.00273495766447163,-0.00174787871820004
"2018-03-29",167.779999,91.269997,40.240002,1037.140015,0.0210314131449985,0.00780876400309372,0.00324111186135356,0.0317953224522645
"2018-04-02",166.679993,88.519997,39.360001,1012.630005,-0.0301303833723146,-0.00655624035377422,-0.0218688110403176,-0.0236323058078132
"2018-04-03",168.389999,89.709999,39.610001,1018.679993,0.0134433127014226,0.0102592156936314,0.00635162585488747,0.00597452966051493
"2018-04-04",171.610001,92.330002,39.790001,1029.709961,0.0292052505763598,0.0191222876603261,0.00454430687845719,0.0108277065180371
"2018-04-05",172.800003,92.379997,40.029999,1032.640015,0.000541481630207397,0.00693433945029809,0.00603161583232925,0.00284551389320775
"2018-04-06",168.380005,90.230003,39.09,1009.950012,-0.023273371615286,-0.025578691685555,-0.0234823638141983,-0.0219728101472031
"2018-04-09",170.050003,90.769997,38.880001,1020.090027,0.00598463905625723,0.00991803035045646,-0.00537219237656694,0.0100401157280248
"2018-04-10",173.25,92.879997,39.59,1036.5,0.023245566483824,0.0188179767335845,0.0182612906825801,0.0160867889751461
"2018-04-11",172.440002,91.860001,39.830002,1025.060059,-0.0109818694330923,-0.0046753131313132,0.00606218742106579,-0.011037087313073
"2018-04-12",174.139999,93.580002,40.529999,1037.290039,0.0187241561210085,0.00985848399607425,0.0175746162402903,0.0119309887187791
"2018-04-13",174.729996,93.080002,39.900002,1036.040039,-0.00534302189905911,0.00338806134942038,-0.0155439678150497,-0.0012050631482059
"2018-04-16",175.820007,94.169998,40.189999,1046.099976,0.0117103134570196,0.00623825917102416,0.00726809487377977,0.00970998863104744
"2018-04-17",178.240005,96.07,40.610001,1079.359985,0.0201762986126428,0.0137640649735613,0.010450410809913,0.0317942928621193
"2018-04-18",177.839996,96.440002,41.75,1075.390015,0.00385137920266487,-0.00224421560131793,0.0280718781563192,-0.00367807780089247
"2018-04-19",172.800003,96.110001,42.110001,1089.449951,-0.00342182697175819,-0.0283400422478642,0.00862277844311365,0.0130742668277426
"2018-04-20",165.720001,95,42.200001,1077.319946,-0.0115492767500855,-0.0409722330849729,0.00213725950754551,-0.0111340635601167
"2018-04-23",165.240005,95.349998,41.599998,1073.810059,0.0036841894736841,-0.00289642769191145,-0.014218080231799,-0.00325798015068046
"2018-04-24",162.940002,93.120003,41.18,1022.640015,-0.0233874677165699,-0.013919165640306,-0.0100961062546204,-0.047652788843916
"2018-04-25",163.649994,92.309998,40.970001,1022.98999,-0.00869850702217012,0.00435738303231403,-0.00509953861097612,0.000342226976127069
"2018-04-26",164.220001,94.260002,38.68,1043.310059,0.0211245156781392,0.00348308598165925,-0.0558945800367445,0.0198634094161565
"2018-04-27",162.320007,95.82,38.23,1031.449951,0.0165499466040748,-0.0115698087226292,-0.0116339193381594,-0.011367769243371
"2018-04-30",165.259995,93.519997,37.880001,1018.580017,-0.0240033709037778,0.0181122959167936,-0.0091550876275176,-0.0124775167108424
"2018-05-01",169.100006,95,37.830002,1040.75,0.015825524459758,0.0232361800567644,-0.00131993132735131,0.0217655781872659
"2018-05-02",176.570007,93.510002,37.18,1026.050049,-0.0156841894736842,0.0441750486986972,-0.0171821825438974,-0.0141243824165266
"2018-05-03",176.889999,94.07,37.639999,1026.300049,0.00598864279780464,0.00181226701769344,0.0123722162452933,0.00024365283179284
"2018-05-04",183.830002,95.160004,38,1051,0.0115871584989902,0.0392334390821045,0.00956432012657582,0.024066988035387
"2018-05-07",185.160004,96.220001,37.799999,1059.459961,0.0111391020958762,0.00723495613082781,-0.00526318421052629,0.00804943958135107
"2018-05-08",186.050003,95.809998,38.099998,1058.589966,-0.00426109951921538,0.00480664820033172,0.00793648169144134,-0.000821168361264779
"2018-05-09",187.360001,96.940002,38.23,1088.949951,0.0117942179687762,0.00704110711570372,0.00341212616336617,0.0286796455427578
"2018-05-10",190.039993,97.910004,38.5,1105.469971,0.0100062098203793,0.0143039708886423,0.00706251634841748,0.0151705962104405
"2018-05-11",188.589996,97.699997,38.259998,1103.380005,-0.00214489828843234,-0.00762995713223369,-0.00623381818181812,-0.00189056786238118
"2018-05-14",188.149994,98.029999,38.389999,1106.599976,0.00337770737086118,-0.00233311421248461,0.00339783081013234,0.00291827927405652
"2018-05-15",186.440002,97.32,38.080002,1084.869995,-0.00724267068491968,-0.00908845099405109,-0.00807494160132705,-0.0196367083600948
"2018-05-16",188.179993,97.150002,38.349998,1084.089966,-0.0017467940813809,0.00933271283702308,0.00709023072005088,-0.00071900688893145
"2018-05-17",186.990005,96.18,38.400002,1081.26001,-0.00998458033999827,-0.00632366906294868,0.00130388533527426,-0.00261044386421339
"2018-05-18",186.309998,96.360001,38.32,1069.640015,0.00187150135163217,-0.00363659544262807,-0.00208338530815699,-0.0107467166939801
"2018-05-21",187.630005,97.599998,38.290001,1084.01001,0.0128683788618891,0.00708500356486508,-0.000782854906054342,0.0134344216731646
"2018-05-22",187.160004,97.5,37.77,1075.310059,-0.00102456969312648,-0.00250493517814498,-0.013580595101055,-0.00802571094338889
"2018-05-23",188.360001,98.660004,38.040001,1085.959961,0.0118974769230769,0.00641161024980552,0.00714855705586426,0.00990402899225562
"2018-05-24",188.149994,98.309998,37.790001,1085.449951,-0.00354759766683166,-0.00111492354472864,-0.00657202926992562,-0.000469639782603282
"2018-05-25",188.580002,98.360001,37.939999,1084.079956,0.00050862578595523,0.00228545316881612,0.00396925101960188,-0.00126214478957587
"2018-05-29",187.899994,98.010002,37.529999,1068.069946,-0.00355834685280243,-0.00360593908573625,-0.0108065369216274,-0.0147682926073767
"2018-05-30",187.5,98.949997,37.849998,1077.469971,0.00959080686479319,-0.00212876004668738,0.00852648570547521,0.0088009451395985
"2018-05-31",186.869995,98.839996,37.720001,1100,-0.00111168270171846,-0.00336002666666668,-0.0034345312250742,0.0209101224223351
"2018-06-01",190.240005,100.790001,38.34,1135,0.0197289060999153,0.0180339813248243,0.0164368765525749,0.0318181818181817
"2018-06-04",191.830002,101.669998,39.07,1153.040039,0.0087309950517811,0.00835784776183113,0.0190401669274909,0.0158943074889868
"2018-06-05",193.309998,102.190002,40.040001,1151.02002,0.00511462585058764,0.00771514353630676,0.0248272587663168,-0.00175190707319406
"2018-06-06",193.979996,102.489998,39.950001,1146.949951,0.0029356687946831,0.00346592523372746,-0.00224775219161444,-0.00353605404708768
"2018-06-07",193.460007,100.879997,40.450001,1134.420044,-0.0157088597074614,-0.00268063207919655,0.0125156442424119,-0.0109245455645868
"2018-06-08",191.699997,101.629997,40.290001,1132.709961,0.00743457595463637,-0.00909753921388001,-0.00395550052025961,-0.00150745132638008
"2018-06-11",191.229996,101.050003,40.490002,1140.900024,-0.00570691741730545,-0.0024517527770227,0.004964035617671,0.0072305032020461
"2018-06-12",192.279999,101.309998,40.450001,1148.189941,0.00257293411460857,0.00549078607939735,-0.000987922895138271,0.0063896194641504
"2018-06-13",190.699997,100.849998,39.330002,1144.22998,-0.0045405192881357,-0.00821719371862495,-0.0276884789199388,-0.0034488727505757
"2018-06-14",190.800003,101.419998,39,1160.109985,0.00565195846607769,0.000524415320258376,-0.00839059199641023,0.0138783332700303
"2018-06-15",188.839996,100.129997,38.889999,1159.27002,-0.0127193948475527,-0.0102725732137435,-0.0028205384615384,-0.000724039109102348
"2018-06-18",188.740005,100.860001,38.860001,1183.579956,0.00729056248748305,-0.000529501176223413,-0.000771355123974304,0.0209700376794011
"2018-06-19",185.690002,100.860001,39.18,1178.689941,0,-0.016159812012297,0.00823466268052853,-0.00413154597220966
"2018-06-20",186.5,101.870003,39.259998,1184.069946,0.0100139003567925,0.00436209807354082,0.00204180704441059,0.00456439375009476
"2018-06-21",185.460007,101.139999,38.009998,1169.439941,-0.00716603493179435,-0.00557636997319044,-0.0318390235272045,-0.0123556932167924
"2018-06-22",184.919998,100.410004,38.09,1169.290039,-0.00721766864957163,-0.00291172748634694,0.00210476201550969,-0.000128182726401471
"2018-06-25",182.169998,98.389999,37.110001,1139.280029,-0.0201175671699007,-0.0148712958562762,-0.0257285114203205,-0.0256651549222682
"2018-06-26",184.429993,99.080002,37.07,1132.619995,0.00701293837801531,0.0124059670901462,-0.00107790350099957,-0.00584582704029823
"2018-06-27",184.160004,97.540001,36.299999,1116.939941,-0.0155430053382517,-0.00146391048228267,-0.0207715403291071,-0.013844055437146
"2018-06-28",185.5,98.629997,36.139999,1126.780029,0.0111748614806759,0.00727625961606737,-0.0044077136200471,0.00880986312584553
"2018-06-29",185.110001,98.610001,36.259998,1129.189941,-0.000202737509968798,-0.00210242048517517,0.00332039300831188,0.00213875995134449
"2018-07-02",187.179993,100.010002,36.669998,1142.109985,0.014197353065639,0.0111824968333287,0.0113072262166147,0.0114418695481453
"2018-07-03",183.919998,99.050003,36.639999,1116.280029,-0.00959902990502881,-0.0174163645790926,-0.000818080219147976,-0.0226159970048769
"2018-07-05",185.399994,99.760002,37.029999,1141.290039,0.00716808660773083,0.00804695528541699,0.0106441050939983,0.0224047813722912
"2018-07-06",187.970001,101.160004,37.389999,1155.079956,0.0140337006007678,0.0138619583774098,0.00972184741349857,0.0120827454273436
"2018-07-09",190.580002,101.849998,37.91,1167.280029,0.00682081823563396,0.0138851996920508,0.0139074890052817,0.0105621025943938
"2018-07-10",190.350006,102.120003,37.040001,1167.140015,0.0026510064339913,-0.00120682126973637,-0.022949063571617,-0.000119948938148151
"2018-07-11",187.880005,101.980003,36.98,1171.459961,-0.00137093611327055,-0.0129761015085021,-0.00161989736447365,0.00370130913556244
"2018-07-12",191.029999,104.190002,37.549999,1201.26001,0.0216709054225073,0.016765988482915,0.015413710113575,0.0254383845731796
"2018-07-13",191.330002,105.43,37.610001,1204.420044,0.0119013146770071,0.00157044967581244,0.00159792281219495,0.00263059951525402
"2018-07-16",190.910004,104.910004,37.73,1196.51001,-0.00493214455088686,-0.00219514971833856,0.0031906141135174,-0.00656750445112986
"2018-07-17",191.449997,105.949997,37.810001,1213.079956,0.00991319188206297,0.00282852123349175,0.00212035515504905,0.0138485644595652
"2018-07-18",190.399994,105.120003,37.950001,1212.910034,-0.00783382749883421,-0.00548447645052719,0.0037027240491212,-0.000140074855873751
"2018-07-19",191.880005,104.400002,34.110001,1199.099976,-0.00684932438595909,0.00777316726175958,-0.101185768084697,-0.0113858881639032
"2018-07-20",191.440002,106.269997,34.200001,1197.880005,0.0179118291587772,-0.00229311542909338,0.00263852235008732,-0.00101740557452901
"2018-07-23",191.610001,107.970001,33.790001,1211,0.0159970268936771,0.000888001453322351,-0.0119883037430322,0.010952678853672
"2018-07-24",193,107.660004,33.52,1258.150024,-0.00287114010492595,0.00725431341133387,-0.00799055910060475,0.03893478447564
"2018-07-25",194.820007,110.830002,33.889999,1275.939941,0.0294445279790254,0.00943008808290147,0.0110381563245823,0.0141397422093124
"2018-07-26",194.210007,109.620003,34.43,1285.5,-0.0109176123627607,-0.00313109525758315,0.015933933783828,0.00749256190891501
"2018-07-27",190.979996,107.68,33.810001,1252.890015,-0.0176975273390568,-0.0166315374263901,-0.0180075225094395,-0.0253675495915986
"2018-07-30",189.910004,105.370003,33.669998,1230.040039,-0.0214524238484399,-0.00560263913713777,-0.00414087535815222,-0.0182378147534362
"2018-07-31",190.289993,106.080002,33.450001,1227.219971,0.00673815108461184,0.00200088985306968,-0.0065339178220325,-0.00229266358052271
"2018-08-01",201.5,106.279999,33.09,1232.98999,0.00188534121633976,0.0589101235607277,-0.0107623614121864,0.00470169907298557
"2018-08-02",207.389999,107.57,33.220001,1241.130005,0.0121377588646758,0.0292307642679901,0.00392870957993341,0.00660185002799563
"2018-08-03",207.990005,108.040001,33.66,1238.160034,0.00436925722785175,0.00289312890155324,0.0132450026115289,-0.00239295721482458
"2018-08-06",209.070007,108.129997,33.990002,1237.670044,0.000832987774592953,0.00519256682550684,0.00980398098633395,-0.00039574044270918
"2018-08-07",207.110001,108.879997,33.779999,1255.839966,0.00693609563311104,-0.00937487891316713,-0.00617837562939838,0.0146807479813256
"2018-08-08",207.25,109.489998,33.84,1261.329956,0.00560250750190594,0.000675964460064904,0.00177622859017856,0.00437156815249828
"2018-08-09",208.880005,109.669998,34.150002,1264.459961,0.00164398578215352,0.00786492159227992,0.00916081560283688,0.00248151166561206
"2018-08-10",207.529999,109,34.09,1252.51001,-0.00610921867619629,-0.00646306955038611,-0.00175701307425979,-0.00945063613603825
"2018-08-13",208.869995,108.209999,33.880001,1248.640015,-0.00724771559633031,0.0064568785546999,-0.00616013493693179,-0.00308979167360113
"2018-08-14",209.75,109.559998,34.400002,1258.140015,0.0124757324875311,0.00421317097269047,0.0153483171384794,0.00760827771485451
"2018-08-15",210.240005,107.660004,33.860001,1232.219971,-0.0173420412074121,0.00233613825983303,-0.0156977025757151,-0.0206018755392657
"2018-08-16",213.320007,107.639999,33.77,1224.060059,-0.000185816452319632,0.014649933061027,-0.00265803299887657,-0.00662212282874941
"2018-08-17",217.580002,107.580002,34.009998,1215.849976,-0.000557385735390103,0.0199699740306121,0.00710684039087939,-0.0067072550400078
"2018-08-20",215.460007,106.870003,34.02,1221.949951,-0.00659973031047156,-0.00974351953540298,0.00029408999083147,0.0050170457872345
"2018-08-21",215.039993,105.980003,34.529999,1217.410034,-0.00832787475452768,-0.00194938265271649,0.0149911522633743,-0.00371530519419783
"2018-08-22",215.050003,107.059998,34.700001,1221.75,0.0101905545331982,4.65494806818345e-05,0.00492331320368722,0.00356491722492236
"2018-08-23",215.490005,107.559998,34.400002,1221.160034,0.00467027843583567,0.00204604507724659,-0.00864550407361664,-0.000482886024145701
"2018-08-24",216.160004,108.400002,34.529999,1236.75,0.00780963197860984,0.00310918828926665,0.0037789823384311,0.0127665216400294
"2018-08-27",217.940002,109.599998,34.580002,1256.27002,0.011070073596493,0.00823463160187576,0.00144810314069233,0.0157833191833434
"2018-08-28",219.699997,110.260002,34.740002,1245.859985,0.00602193441645871,0.00807559412613013,0.00462695172776439,-0.00828646296916313
"2018-08-29",222.979996,112.019997,34.93,1264.650024,0.0159622253589293,0.0149294449011759,0.00546914188433267,0.0150819829083764
"2018-08-30",225.029999,111.949997,34.799999,1254.439941,-0.000624888429518577,0.00919366327372262,-0.00372175780131689,-0.00807344546415001
"2018-08-31",227.630005,112.330002,34.610001,1231.800049,0.00339441724147616,0.0115540417346756,-0.00545971280056656,-0.0180478086355831
"2018-09-04",228.360001,111.709999,34.799999,1211.310059,-0.00551947822452636,0.00320694101816676,0.00548968490350532,-0.0166341850827447
"2018-09-05",226.869995,108.489998,34.130001,1199.099976,-0.0288246444259658,-0.00652481167225083,-0.0192528166451958,-0.0100800640672298
"2018-09-06",223.100006,108.739998,33.66,1183.98999,0.00230435989131461,-0.0166173979948295,-0.013770904958368,-0.0126011060815833
"2018-09-07",221.300003,108.209999,33.990002,1177.589966,-0.00487400229674462,-0.00806814411291412,0.00980398098633395,-0.00540547137564906
"2018-09-10",218.330002,109.379997,33.709999,1175.060059,0.0108122910157313,-0.0134207002247533,-0.00823780475211489,-0.00214837683153302
"2018-09-11",223.850006,111.239998,34.110001,1189.98999,0.0170049465260087,0.0252828468347652,0.0118659748402838,0.0127056748169161
"2018-09-12",221.070007,111.709999,34.259998,1171.599976,0.00422510795082887,-0.0124190258006962,0.00439744929940078,-0.0154539232720773
"2018-09-13",226.410004,112.910004,34.439999,1182.140015,0.0107421449354772,0.0241552306098221,0.00525396995061111,0.00899627792412994
"2018-09-14",223.839996,113.370003,34.099998,1177.97998,0.00407403227086944,-0.011351123866417,-0.00987227090221465,-0.00351907130053442
"2018-09-17",217.880005,112.139999,34.200001,1159.829956,-0.0108494660620234,-0.0266261218124754,0.00293263946819011,-0.0154077525154545
"2018-09-18",218.240005,113.209999,34.119999,1167.109985,0.00954164445819194,0.00165228562391473,-0.00233923969768302,0.00627680718396628
"2018-09-19",218.369995,111.699997,34.220001,1174.27002,-0.0133380621264735,0.00059562865204299,0.00293089105893585,0.00613484169617484
"2018-09-20",220.029999,113.57,34.240002,1191.569946,0.0167412985695963,0.00760179529243477,0.000584482741540437,0.0147324939795364
"2018-09-21",217.660004,114.260002,34.040001,1172.119995,0.00607556573038659,-0.0107712357895344,-0.00584115035974586,-0.0163229620428846
"2018-09-24",220.789993,114.669998,33.720001,1179.560059,0.00358827229847236,0.0143801752388097,-0.0094007047767124,0.00634752758398238
"2018-09-25",222.190002,114.449997,32.759998,1193.890015,-0.0019185576335321,0.00634090785083719,-0.02846983901335,0.0121485598725246
"2018-09-26",220.419998,113.980003,33.580002,1194.060059,-0.00410654445014969,-0.00796617302339286,0.0250306486587697,0.000142428530152339
"2018-09-27",224.949997,114.410004,33.34,1207.359985,0.00377260035692406,0.0205516697264465,-0.00714717050940017,0.0111384062298663
"2018-09-28",225.740005,114.370003,33.02,1207.079956,-0.000349628516751022,0.00351192714174609,-0.00959808038392318,-0.000231934968426217
"2018-10-01",227.259995,115.610001,32.509998,1208.530029,0.010841986250538,0.00673336566994398,-0.0154452453058752,0.00120130650235062
"2018-10-02",229.279999,115.150002,32.560001,1207.640015,-0.00397888587510686,0.00888851555241832,0.00153808068520944,-0.000736443430153333
"2018-10-03",232.070007,115.169998,32.75,1211.530029,0.000173651755559723,0.0121685625094581,0.00583534994363166,0.00322117017627988
"2018-10-04",227.990005,112.790001,32.630001,1177.069946,-0.0206650780700717,-0.0175809104017479,-0.00366409160305348,-0.0284434410828788
"2018-10-05",224.289993,112.129997,32.240002,1167.829956,-0.00585161799936507,-0.0162288342420975,-0.0119521602221221,-0.00784999228924332
"2018-10-08",223.770004,110.849998,32.580002,1155.920044,-0.0114153128890212,-0.00231837806513291,0.0105459050529837,-0.0101983271955048
"2018-10-09",226.869995,112.260002,33.279999,1145.170044,0.0127199280598995,0.0138534698332489,0.0214854805717937,-0.00929995119973881
"2018-10-10",216.360001,106.160004,31.67,1092.160034,-0.0543381248113642,-0.0463260644052995,-0.0483773752517239,-0.0462900774236459
"2018-10-11",214.449997,105.910004,31.4,1090.73999,-0.00235493585701074,-0.00882789790706284,-0.00852541837701304,-0.00130021604507824
"2018-10-12",222.110001,109.57,31.719999,1120.540039,0.034557604208947,0.0357193010359427,0.0101910509554142,0.0273209465804953
"2018-10-15",217.360001,107.599998,31.860001,1102.439941,-0.0179793921693894,-0.0213857997326289,0.00441368235856499,-0.0161530131633252
"2018-10-16",222.149994,111,32.25,1133.079956,0.0315985321858463,0.0220371410469398,0.0122410228424035,0.0277929108520933
"2018-10-17",221.190002,110.709999,32.02,1127.589966,-0.00261262162162168,-0.00432136856145937,-0.00713178294573635,-0.00484519205456679
"2018-10-18",216.020004,108.5,31.549999,1097.910034,-0.0199620541953035,-0.0233735609803918,-0.0146783572767022,-0.0263215644825985
"2018-10-19",219.309998,108.660004,28.75,1105.180054,0.0014746912442396,0.0152300432324777,-0.0887479901346431,0.00662169009742364
"2018-10-22",220.649994,109.629997,28.49,1111.369995,0.00892686328264825,0.00611005431681222,-0.0090434782608696,0.00560084393271199
"2018-10-23",222.729996,108.099998,28.190001,1114.910034,-0.0139560251926305,0.0094267031795161,-0.0105299754299755,0.0031852929410785
"2018-10-24",215.089996,102.32,27.290001,1057.119995,-0.0534689926636261,-0.0343016214125016,-0.0319262138373105,-0.0518338137048284
"2018-10-25",219.800003,108.300003,28.059999,1103.589966,0.058444126270524,0.0218978431707255,0.0282153892189305,0.0439590313491327
"2018-10-26",216.300003,106.959999,27.34,1083.75,-0.0123730744494994,-0.0159235666616437,-0.0256592667733168,-0.0179776607356359
"2018-10-29",212.240005,103.849998,26.82,1034.72998,-0.0290762998230768,-0.018770217030464,-0.0190197512801755,-0.0452318523644751
"2018-10-30",213.300003,103.730003,27.42,1049.51001,-0.00115546463467431,0.00499433648241765,0.022371364653244,0.0142839487457393
"2018-10-31",218.860001,106.809998,29.030001,1090.579956,0.0296924217769472,0.0260665631589325,0.0587163019693653,0.0391324957443713
"2018-11-01",222.220001,105.919998,29.52,1085.97998,-0.00833255328775484,0.015352279926198,0.0168790555673768,-0.00421791724182397
"2018-11-02",207.479996,106.160004,29.870001,1071.48999,0.00226591771650142,-0.066330685508367,0.0118564024390244,-0.0133427781974397
"2018-11-05",201.589996,107.510002,29.639999,1055.72998,0.0127166347883709,-0.0283882789355751,-0.00770010017743217,-0.0147084995166403
"2018-11-06",203.770004,107.720001,29.950001,1069.569946,0.00195329733134963,0.0108140683727183,0.0104589072354557,0.013109380487613
"2018-11-07",209.949997,111.959999,29.860001,1108.23999,0.039361288160404,0.0303282763836035,-0.00300500824691119,0.0361547593447431
"2018-11-08",208.490005,111.75,29.84,1094.630005,-0.00187566096709235,-0.00695399867045488,-0.000669825831553061,-0.0122807199909832
"2018-11-09",204.470001,109.57,29.629999,1077.02002,-0.0195078299776287,-0.0192815190349293,-0.00703756702412861,-0.0160876140061591
"2018-11-12",194.169998,106.870003,28.959999,1049.359985,-0.02464175412978,-0.0503741524410714,-0.022612218110436,-0.025682006356762
"2018-11-13",192.229996,106.940002,28.1,1047.969971,0.000654992028024992,-0.00999125518866206,-0.0296960990917161,-0.00132463026975449
"2018-11-14",186.800003,104.970001,27.889999,1054.579956,-0.0184215537979886,-0.0282473761275009,-0.00747334519572962,0.00630741832582538
"2018-11-15",191.410004,107.279999,28.17,1071.050049,0.0220062682480113,0.0246788058135095,0.0100394768748469,0.0156176806758879
"2018-11-16",193.529999,108.290001,28.120001,1068.27002,0.00941463468880155,0.0110756750206222,-0.00177490237841682,-0.00259561073041881
"2018-11-19",185.860001,104.620003,27.959999,1027.420044,-0.0338904604867444,-0.0396320882531498,-0.00568997134815175,-0.0382393732251327
"2018-11-20",176.979996,101.709999,28.16,1030.449951,-0.0278149867764772,-0.0477779239869907,0.00715311184381662,0.00294904408152674
"2018-11-21",176.779999,103.110001,28.34,1043.430054,0.0137646447130533,-0.00113005426895818,0.00639204545454541,0.0125965390045419
"2018-11-23",172.289993,103.07,28.440001,1030.099976,-0.000387944909437055,-0.0253988348534836,0.00352861679604799,-0.012775248277447
"2018-11-26",174.619995,106.470001,28.799999,1055.939941,0.0329872998932765,0.0135237221815894,0.0126581570795303,0.0250849098165595
"2018-11-27",174.240005,107.139999,28.74,1052.280029,0.00629283360296018,-0.00217609672935792,-0.00208329868344792,-0.00346602288434517
"2018-11-28",180.940002,111.120003,29.76,1091.790039,0.0371476949519105,0.0384526905861831,0.0354906054279751,0.037547049180005
"2018-11-29",179.550003,110.190002,29.52,1094.579956,-0.00836933922688965,-0.00768209895344196,-0.00806451612903236,0.00255536037181225
"2018-11-30",178.580002,110.889999,29.85,1109.650024,0.00635263624008275,-0.0054024003552926,0.0111788617886179,0.0137679005698876
"2018-12-03",184.820007,112.089996,30.200001,1116.359985,0.0108215078981109,0.0349423503758277,0.0117253266331658,0.00604691646453759
"2018-12-04",176.690002,108.519997,29.26,1062.469971,-0.0318493989419002,-0.0439887711940191,-0.0311258598964946,-0.0482729717332174
"2018-12-06",174.720001,109.190002,29.469999,1078.079956,0.00617402339220496,-0.0111494763580341,0.00717699931647298,0.0146921658268684
"2018-12-07",168.490005,104.82,29.059999,1046.579956,-0.0400219976184267,-0.0356570281841974,-0.0139124538144708,-0.0292186120562657
"2018-12-10",169.600006,107.589996,28.98,1053.180054,0.0264262163709217,0.00658793380651868,-0.00275289066596318,0.00630634856148515
"2018-12-11",168.630005,108.589996,29.049999,1061.650024,0.00929454444816602,-0.00571934531653262,0.0024154244306418,0.00804228105899929
"2018-12-12",169.100006,109.080002,29.040001,1073.72998,0.00451244145915619,0.00278717301823006,-0.00034416524420533,0.011378472874221
"2018-12-13",170.949997,109.449997,29.02,1073.540039,0.00339195996714414,0.01094021841726,-0.000688739645704595,-0.000176898292436722
"2018-12-14",165.479996,106.029999,28.91,1051.709961,-0.0312471273982766,-0.0319976665457327,-0.00379048931771186,-0.0203346658782607
"2018-12-17",163.940002,102.889999,28.48,1025.650024,-0.0296142603943625,-0.00930622454208907,-0.0148737461086129,-0.0247786347627832
"2018-12-18",166.070007,103.970001,28.5,1043.410034,0.0104966664447144,0.0129925885934783,0.000702247191011196,0.0173158578310528
"2018-12-19",160.889999,103.690002,28.299999,1035.459961,-0.00269307489955672,-0.031191713022569,-0.00701757894736843,-0.00761931814046557
"2018-12-20",156.830002,101.510002,27.99,1023.580017,-0.02102420636466,-0.025234613868075,-0.0109540286556195,-0.0114731080364777
"2018-12-21",150.729996,98.230003,26.58,991.25,-0.0323120769911915,-0.0388956572225256,-0.0503751339764201,-0.0315852365843911
"2018-12-24",146.830002,94.129997,26.139999,984.669983,-0.0417388361476482,-0.0258740403602212,-0.0165538374717833,-0.00663810037831025
"2018-12-26",157.169998,100.559998,27.85,1047.849976,0.0683097971414999,0.0704215477705978,0.0654170262210034,0.0641636224225188
"2018-12-27",156.149994,101.18,28.030001,1052.900024,0.00616549336049133,-0.00648981366023815,0.00646323159784545,0.00481943800703011
"2018-12-28",156.229996,100.389999,28.24,1046.680054,-0.00780787705080055,0.000512340717733206,0.00749193694284922,-0.00590746496174466
"2018-12-31",157.740005,101.57,28.07,1044.959961,0.0117541688589915,0.00966529500519209,-0.00601983002832851,-0.00164337993585184
"2019-01-02",157.919998,101.120003,28.85,1054.680054,-0.00443041252338283,0.00114107388293783,0.0277876736729605,0.00930188080191896
"2019-01-03",142.190002,97.400002,28.32,1025.469971,-0.0367879834813691,-0.0996073720821602,-0.0183708838821491,-0.0276956816327542
"2019-01-04",148.259995,101.93,28.969999,1078.069946,0.0465092187575109,0.0426893094776102,0.0229519420903954,0.0512935302714974
"2019-01-07",147.929993,102.059998,29.469999,1075.920044,0.00127536544687512,-0.0022258330711532,0.0172592342857865,-0.00199421383369136
"2019-01-08",150.75,102.800003,30,1085.369995,0.00725068601314316,0.0190631185928605,0.0179844254490813,0.00878313500403571
"2019-01-09",153.309998,104.269997,30.290001,1081.650024,0.0142995521118807,0.016981744610282,0.00966669999999992,-0.0034273759336787
"2019-01-10",153.800003,103.599998,30.57,1078.829956,-0.00642561637361516,0.00319617119817583,0.00924394158983355,-0.00260719080795768
"2019-01-11",152.289993,102.800003,30.41,1064.469971,-0.00772195960853195,-0.00981801021161222,-0.00523388943408576,-0.013310702877813
"2019-01-14",150,102.050003,30.209999,1051.51001,-0.00729571963144782,-0.0150370549954651,-0.00657681683656697,-0.0121750367347845
"2019-01-15",153.070007,105.010002,30.67,1086.51001,0.0290053788631441,0.0204667133333334,0.0152267797162127,0.0332854653471155
"2019-01-16",154.940002,105.379997,30.290001,1089.51001,0.00352342627324198,0.0122165996895787,-0.0123899250081514,0.00276113424854696
"2019-01-17",155.860001,106.120003,30.379999,1099.119995,0.00702226248877191,0.00593777583661081,0.0029712115229048,0.00882046508228052
"2019-01-18",156.820007,107.709999,31,1107.300049,0.0149829999533642,0.00615941225356464,0.0204081968534626,0.00744236665442521
"2019-01-22",153.300003,105.68,32.900002,1078.630005,-0.0188468946137488,-0.022446141071783,0.0612903870967743,-0.0258918474950776
"2019-01-23",153.919998,106.709999,32.610001,1084.410034,0.00974639477668426,0.00404432477408356,-0.00881461952494722,0.00535867625896436
"2019-01-24",152.699997,106.199997,32.650002,1084,-0.00477932719313401,-0.00792620202606809,0.00122664822978713,-0.000378117120963473
"2019-01-25",157.759995,107.169998,33.720001,1101.51001,0.00913371965537824,0.0331368572325512,0.0327717897230144,0.0161531457564574
"2019-01-28",156.300003,105.080002,34.02,1079.859985,-0.0195016892694168,-0.00925451347789408,0.00889676723319188,-0.0196548599680905
"2019-01-29",154.679993,102.940002,33.689999,1070.060059,-0.0203654354707757,-0.0103647470819307,-0.00970020576131692,-0.00907518209409353
"2019-01-30",165.25,106.379997,34.080002,1097.98999,0.0334174755504668,0.0683346746725029,0.0115762247425415,0.0261012741902555
"2019-01-31",166.440002,104.43,33.650002,1125.890015,-0.0183304855705156,0.00720122239031773,-0.0126173701515627,0.0254100904872547
"2019-02-01",166.520004,102.779999,34.310001,1118.619995,-0.0158000670305468,0.000480665699583493,0.0196136392503037,-0.006457131605346
